date_utc,tweet_id,market,segment,start,end,days,is_partial,fill_count,fills_per_day,notional_usd,notional_usd_per_day,opening_fees_usd,opening_fees_usd_per_day,total_fees_usd
2026-02-25,,WTI,baseline30,2026-01-26T00:00:00.000Z,2026-02-25T00:00:00.000Z,30,False,7229,240.96666666666667,219579763.40601906,7319325.446867302,67771.657311,2259.0552437,184114.64456272646
2026-02-25,,WTI,event0_2,2026-02-25T00:00:00.000Z,2026-02-28T00:00:00.000Z,3,False,268,89.33333333333333,22791414.884652697,7597138.294884232,19419.171580000006,6473.057193333335,26513.09911853415
2026-02-25,,WTI,event1_2,2026-02-26T00:00:00.000Z,2026-02-28T00:00:00.000Z,2,False,201,100.5,19552986.2475676,9776493.1237838,19289.435546000004,9644.717773000002,25114.543461903737
2026-02-25,,WTI,context0_7,2026-02-25T00:00:00.000Z,2026-03-05T00:00:00.000Z,8,False,2531,316.375,257784429.48293203,32223053.685366504,187989.7788269997,23498.722353374964,291467.8581756332
2026-02-25,,BRENT,baseline30,2026-01-26T00:00:00.000Z,2026-02-25T00:00:00.000Z,30,False,0,0.0,0,0.0,0,0.0,0
2026-02-25,,BRENT,event0_2,2026-02-25T00:00:00.000Z,2026-02-28T00:00:00.000Z,3,False,0,0.0,0,0.0,0,0.0,0
2026-02-25,,BRENT,event1_2,2026-02-26T00:00:00.000Z,2026-02-28T00:00:00.000Z,2,False,0,0.0,0,0.0,0,0.0,0
2026-02-25,,BRENT,context0_7,2026-02-25T00:00:00.000Z,2026-03-05T00:00:00.000Z,8,False,0,0.0,0,0.0,0,0.0,0
2026-03-02,,WTI,baseline30,2026-01-31T00:00:00.000Z,2026-03-02T00:00:00.000Z,30,False,3057,101.9,140659152.34669888,4688638.411556629,48051.438752999944,1601.714625099998,136670.00220370488
2026-03-02,,WTI,event0_2,2026-03-02T00:00:00.000Z,2026-03-05T00:00:00.000Z,3,False,2090,696.6666666666666,231484981.84939823,77161660.61646608,166111.93383099974,55370.64461033325,259442.84722240173
2026-03-02,,WTI,event1_2,2026-03-03T00:00:00.000Z,2026-03-05T00:00:00.000Z,2,False,1255,627.5,204839002.7298836,102419501.3649418,145836.66571099983,72918.33285549992,230307.076205506
2026-03-02,,WTI,context0_7,2026-03-02T00:00:00.000Z,2026-03-10T00:00:00.000Z,8,False,7168,896.0,565226672.3622016,70653334.0452752,417693.39529599994,52211.67441199999,1071992.4434989241
2026-03-02,,BRENT,baseline30,2026-01-31T00:00:00.000Z,2026-03-02T00:00:00.000Z,30,False,0,0.0,0,0.0,0,0.0,0
2026-03-02,,BRENT,event0_2,2026-03-02T00:00:00.000Z,2026-03-05T00:00:00.000Z,3,False,0,0.0,0,0.0,0,0.0,0
2026-03-02,,BRENT,event1_2,2026-03-03T00:00:00.000Z,2026-03-05T00:00:00.000Z,2,False,0,0.0,0,0.0,0,0.0,0
2026-03-02,,BRENT,context0_7,2026-03-02T00:00:00.000Z,2026-03-10T00:00:00.000Z,8,False,0,0.0,0,0.0,0,0.0,0
2026-03-03,,WTI,baseline30,2026-02-01T00:00:00.000Z,2026-03-03T00:00:00.000Z,30,False,3892,129.73333333333332,167305131.46621394,5576837.715540465,68326.70687300006,2277.5568957666687,165805.77322060196
2026-03-03,,WTI,event0_2,2026-03-03T00:00:00.000Z,2026-03-06T00:00:00.000Z,3,False,1999,666.3333333333334,258430094.27864322,86143364.75954774,222563.3375160001,74187.77917200002,324123.4099793493
2026-03-03,,WTI,event1_2,2026-03-04T00:00:00.000Z,2026-03-06T00:00:00.000Z,2,False,1240,620.0,146027948.50377774,73013974.25188887,112647.79044700006,56323.89522350003,163997.56716533715
2026-03-03,,WTI,context0_7,2026-03-03T00:00:00.000Z,2026-03-11T00:00:00.000Z,8,False,7463,932.875,731218938.8623236,91402367.35779046,577200.9243100015,72150.1155387502,1656794.9641897627
2026-03-03,,BRENT,baseline30,2026-02-01T00:00:00.000Z,2026-03-03T00:00:00.000Z,30,False,0,0.0,0,0.0,0,0.0,0
2026-03-03,,BRENT,event0_2,2026-03-03T00:00:00.000Z,2026-03-06T00:00:00.000Z,3,False,0,0.0,0,0.0,0,0.0,0
2026-03-03,,BRENT,event1_2,2026-03-04T00:00:00.000Z,2026-03-06T00:00:00.000Z,2,False,0,0.0,0,0.0,0,0.0,0
2026-03-03,,BRENT,context0_7,2026-03-03T00:00:00.000Z,2026-03-11T00:00:00.000Z,8,False,0,0.0,0,0.0,0,0.0,0
2026-03-05,,WTI,baseline30,2026-02-03T00:00:00.000Z,2026-03-05T00:00:00.000Z,30,False,4869,162.3,369704275.1479675,12323475.838265585,214032.57870899994,7134.419290299998,395453.56224032154
2026-03-05,,WTI,event0_2,2026-03-05T00:00:00.000Z,2026-03-08T00:00:00.000Z,3,False,1701,567.0,92456275.0723795,30818758.357459832,98853.05012899994,32951.01670966665,134771.83751197343
2026-03-05,,WTI,event1_2,2026-03-06T00:00:00.000Z,2026-03-08T00:00:00.000Z,2,False,957,478.5,38865183.523619756,19432591.761809878,22126.37832400001,11063.189162000004,40955.503738130166
2026-03-05,,WTI,context0_7,2026-03-05T00:00:00.000Z,2026-03-13T00:00:00.000Z,8,False,7479,934.875,600733052.1270473,75091631.51588091,491772.0169549995,61471.502119374934,1604323.8199903967
2026-03-05,,BRENT,baseline30,2026-02-03T00:00:00.000Z,2026-03-05T00:00:00.000Z,30,False,0,0.0,0,0.0,0,0.0,0
2026-03-05,,BRENT,event0_2,2026-03-05T00:00:00.000Z,2026-03-08T00:00:00.000Z,3,False,0,0.0,0,0.0,0,0.0,0
2026-03-05,,BRENT,event1_2,2026-03-06T00:00:00.000Z,2026-03-08T00:00:00.000Z,2,False,0,0.0,0,0.0,0,0.0,0
2026-03-05,,BRENT,context0_7,2026-03-05T00:00:00.000Z,2026-03-13T00:00:00.000Z,8,False,0,0.0,0,0.0,0,0.0,0
2026-03-09,,WTI,baseline30,2026-02-07T00:00:00.000Z,2026-03-09T00:00:00.000Z,30,False,5874,195.8,490442577.22864735,16348085.90762158,354102.02970999974,11803.400990333324,610745.8995768898
2026-03-09,,WTI,event0_2,2026-03-09T00:00:00.000Z,2026-03-12T00:00:00.000Z,3,False,4355,1451.6666666666667,451760645.625671,150586881.87522367,339122.56741499895,113040.85580499965,1365515.524291886
2026-03-09,,WTI,event1_2,2026-03-10T00:00:00.000Z,2026-03-12T00:00:00.000Z,2,False,1687,843.5,255665554.2060313,127832777.10301565,231444.915466,115722.457733,778491.543708573
2026-03-09,,WTI,context0_7,2026-03-09T00:00:00.000Z,2026-03-17T00:00:00.000Z,8,False,5956,744.5,495888121.18115485,61986015.147644356,375127.4871169981,46890.935889624765,1423372.4324180994
2026-03-09,,BRENT,baseline30,2026-02-07T00:00:00.000Z,2026-03-09T00:00:00.000Z,30,False,0,0.0,0,0.0,0,0.0,0
2026-03-09,,BRENT,event0_2,2026-03-09T00:00:00.000Z,2026-03-12T00:00:00.000Z,3,False,0,0.0,0,0.0,0,0.0,0
2026-03-09,,BRENT,event1_2,2026-03-10T00:00:00.000Z,2026-03-12T00:00:00.000Z,2,False,0,0.0,0,0.0,0,0.0,0
2026-03-09,,BRENT,context0_7,2026-03-09T00:00:00.000Z,2026-03-17T00:00:00.000Z,8,False,0,0.0,0,0.0,0,0.0,0
2026-03-10,,WTI,baseline30,2026-02-08T00:00:00.000Z,2026-03-10T00:00:00.000Z,30,False,8542,284.73333333333335,686537668.6482844,22884588.954942815,461779.681659,15392.6560553,1197769.8801601962
2026-03-10,,WTI,event0_2,2026-03-10T00:00:00.000Z,2026-03-13T00:00:00.000Z,3,False,2401,800.3333333333334,266991361.6142398,88997120.53807993,240190.5554899998,80063.5184966666,791774.2237138675
2026-03-10,,WTI,event1_2,2026-03-11T00:00:00.000Z,2026-03-13T00:00:00.000Z,2,False,1271,635.5,74353115.99460673,37176557.99730337,60407.75835599997,30203.879177999985,177835.93200614423
2026-03-10,,WTI,context0_7,2026-03-10T00:00:00.000Z,2026-03-18T00:00:00.000Z,8,False,3542,442.75,446442746.7722134,55805343.346526675,394762.6331489991,49345.32914362489,1038675.7335156947
2026-03-10,,BRENT,baseline30,2026-02-08T00:00:00.000Z,2026-03-10T00:00:00.000Z,30,False,0,0.0,0,0.0,0,0.0,0
2026-03-10,,BRENT,event0_2,2026-03-10T00:00:00.000Z,2026-03-13T00:00:00.000Z,3,False,0,0.0,0,0.0,0,0.0,0
2026-03-10,,BRENT,event1_2,2026-03-11T00:00:00.000Z,2026-03-13T00:00:00.000Z,2,False,0,0.0,0,0.0,0,0.0,0
2026-03-10,,BRENT,context0_7,2026-03-10T00:00:00.000Z,2026-03-18T00:00:00.000Z,8,False,0,0.0,0,0.0,0,0.0,0
2026-03-11,,WTI,baseline30,2026-02-09T00:00:00.000Z,2026-03-11T00:00:00.000Z,30,False,9666,322.2,879138923.1088735,29304630.770295784,641559.3334950008,21385.311116500026,1811692.5232959485
2026-03-11,,WTI,event0_2,2026-03-11T00:00:00.000Z,2026-03-14T00:00:00.000Z,3,False,1717,572.3333333333334,86123149.5160823,28707716.505360767,75391.384717,25130.46157233333,198181.53333293318
2026-03-11,,WTI,event1_2,2026-03-12T00:00:00.000Z,2026-03-14T00:00:00.000Z,2,False,1160,580.0,23095840.929684006,11547920.464842003,23729.266385000014,11864.633192500007,33628.2813320837
2026-03-11,,WTI,context0_7,2026-03-11T00:00:00.000Z,2026-03-19T00:00:00.000Z,8,False,2807,350.875,419160389.2706616,52395048.6588327,341152.9613750004,42644.12017187505,627071.3935658587
2026-03-11,,BRENT,baseline30,2026-02-09T00:00:00.000Z,2026-03-11T00:00:00.000Z,30,False,0,0.0,0,0.0,0,0.0,0
2026-03-11,,BRENT,event0_2,2026-03-11T00:00:00.000Z,2026-03-14T00:00:00.000Z,3,False,0,0.0,0,0.0,0,0.0,0
2026-03-11,,BRENT,event1_2,2026-03-12T00:00:00.000Z,2026-03-14T00:00:00.000Z,2,False,0,0.0,0,0.0,0,0.0,0
2026-03-11,,BRENT,context0_7,2026-03-11T00:00:00.000Z,2026-03-19T00:00:00.000Z,8,False,0,0.0,0,0.0,0,0.0,0
2026-03-12,,WTI,baseline30,2026-02-10T00:00:00.000Z,2026-03-12T00:00:00.000Z,30,False,10148,338.26666666666665,941712036.4212582,31390401.21404194,692956.3009309997,23098.543364366655,1975903.1631863369
2026-03-12,,WTI,event0_2,2026-03-12T00:00:00.000Z,2026-03-15T00:00:00.000Z,3,False,1160,386.6666666666667,23095840.929684006,7698613.643228002,23729.266385000014,7909.755461666671,33628.2813320837
2026-03-12,,WTI,event1_2,2026-03-13T00:00:00.000Z,2026-03-15T00:00:00.000Z,2,False,446,223.0,11770033.5214756,5885016.7607378,14983.626361000002,7491.813180500001,20345.601326789027
2026-03-12,,WTI,context0_7,2026-03-12T00:00:00.000Z,2026-03-20T00:00:00.000Z,8,False,2675,334.375,502144143.4848215,62768017.93560269,371220.68727700063,46402.58590962508,613778.5770789138
2026-03-12,,BRENT,baseline30,2026-02-10T00:00:00.000Z,2026-03-12T00:00:00.000Z,30,False,0,0.0,0,0.0,0,0.0,0
2026-03-12,,BRENT,event0_2,2026-03-12T00:00:00.000Z,2026-03-15T00:00:00.000Z,3,False,0,0.0,0,0.0,0,0.0,0
2026-03-12,,BRENT,event1_2,2026-03-13T00:00:00.000Z,2026-03-15T00:00:00.000Z,2,False,0,0.0,0,0.0,0,0.0,0
2026-03-12,,BRENT,context0_7,2026-03-12T00:00:00.000Z,2026-03-20T00:00:00.000Z,8,False,0,0.0,0,0.0,0,0.0,0
2026-03-16,,WTI,baseline30,2026-02-14T00:00:00.000Z,2026-03-16T00:00:00.000Z,30,False,11017,367.23333333333335,920140190.6254668,30671339.68751556,723772.2580319991,24125.74193439997,1963915.18611219
2026-03-16,,WTI,event0_2,2026-03-16T00:00:00.000Z,2026-03-19T00:00:00.000Z,3,False,997,332.3333333333333,317805582.490998,105935194.16366601,256916.61847999977,85638.87282666659,412203.78563114605
2026-03-16,,WTI,event1_2,2026-03-17T00:00:00.000Z,2026-03-19T00:00:00.000Z,2,False,649,324.5,312005605.1287796,156002802.5643898,253485.92334099993,126742.96167049996,404661.2334387953
2026-03-16,,WTI,context0_7,2026-03-16T00:00:00.000Z,2026-03-24T00:00:00.000Z,8,False,2440,305.0,576323129.7363033,72040391.21703792,397238.4855930004,49654.81069912505,714314.624194678
2026-03-16,,BRENT,baseline30,2026-02-14T00:00:00.000Z,2026-03-16T00:00:00.000Z,30,False,0,0.0,0,0.0,0,0.0,0
2026-03-16,,BRENT,event0_2,2026-03-16T00:00:00.000Z,2026-03-19T00:00:00.000Z,3,False,0,0.0,0,0.0,0,0.0,0
2026-03-16,,BRENT,event1_2,2026-03-17T00:00:00.000Z,2026-03-19T00:00:00.000Z,2,False,0,0.0,0,0.0,0,0.0,0
2026-03-16,,BRENT,context0_7,2026-03-16T00:00:00.000Z,2026-03-24T00:00:00.000Z,8,False,31,3.875,119877.76799890454,14984.720999863068,153.89092899999997,19.236366124999996,194.6807086482304
2026-03-17,,WTI,baseline30,2026-02-15T00:00:00.000Z,2026-03-17T00:00:00.000Z,30,False,11365,378.8333333333333,925940167.9876841,30864672.26625614,727202.9531709992,24240.098439033307,1971457.7383045407
2026-03-17,,WTI,event0_2,2026-03-17T00:00:00.000Z,2026-03-20T00:00:00.000Z,3,False,1074,358.0,458016667.92933774,152672222.64311257,335215.7675750001,111738.5891916667,555921.6689526986
2026-03-17,,WTI,event1_2,2026-03-18T00:00:00.000Z,2026-03-20T00:00:00.000Z,2,False,820,410.0,311366950.91863745,155683475.45931873,207902.96959400008,103951.48479700004,353594.38727178844
2026-03-17,,WTI,context0_7,2026-03-17T00:00:00.000Z,2026-03-25T00:00:00.000Z,8,False,2378,297.25,596591964.7017932,74573995.58772415,412766.04606300005,51595.755757875006,737173.7709026086
2026-03-17,,BRENT,baseline30,2026-02-15T00:00:00.000Z,2026-03-17T00:00:00.000Z,30,False,0,0.0,0,0.0,0,0.0,0
2026-03-17,,BRENT,event0_2,2026-03-17T00:00:00.000Z,2026-03-20T00:00:00.000Z,3,False,0,0.0,0,0.0,0,0.0,0
2026-03-17,,BRENT,event1_2,2026-03-18T00:00:00.000Z,2026-03-20T00:00:00.000Z,2,False,0,0.0,0,0.0,0,0.0,0
2026-03-17,,BRENT,context0_7,2026-03-17T00:00:00.000Z,2026-03-25T00:00:00.000Z,8,False,115,14.375,69340140.28745958,8667517.535932448,54198.485491999985,6774.810686499998,89315.26829483849
2026-03-23,,WTI,baseline30,2026-02-21T00:00:00.000Z,2026-03-23T00:00:00.000Z,30,False,12398,413.26666666666665,1380683577.3746753,46022785.912489176,1069360.8338459996,35645.361128199984,2538086.6125229965
2026-03-23,,WTI,event0_2,2026-03-23T00:00:00.000Z,2026-03-26T00:00:00.000Z,3,False,1279,426.3333333333333,123179243.08789216,41059747.69596405,53754.95681099997,17918.31893699999,150675.27267349345
2026-03-23,,WTI,event1_2,2026-03-24T00:00:00.000Z,2026-03-26T00:00:00.000Z,2,False,534,267.0,26960038.56094278,13480019.28047139,19668.31593999999,9834.157969999995,31679.807773236276
2026-03-23,,WTI,context0_7,2026-03-23T00:00:00.000Z,2026-03-31T00:00:00.000Z,8,False,2151,268.875,219039986.89091292,27379998.361364115,141732.3705769998,17716.546322124974,281872.1646585106
2026-03-23,,BRENT,baseline30,2026-02-21T00:00:00.000Z,2026-03-23T00:00:00.000Z,30,False,0,0.0,0,0.0,0,0.0,0
2026-03-23,,BRENT,event0_2,2026-03-23T00:00:00.000Z,2026-03-26T00:00:00.000Z,3,False,145,48.333333333333336,75333941.88401164,25111313.961337212,60255.80885299998,20085.26961766666,99185.93236752933
2026-03-23,,BRENT,event1_2,2026-03-24T00:00:00.000Z,2026-03-26T00:00:00.000Z,2,False,114,57.0,75214064.11601274,37607032.05800637,60101.91792399999,30050.958961999993,98991.2516588811
2026-03-23,,BRENT,context0_7,2026-03-23T00:00:00.000Z,2026-03-31T00:00:00.000Z,8,False,441,55.125,178373019.81746417,22296627.47718302,154662.808724,19332.8510905,243034.91232838907
2026-03-24,,WTI,baseline30,2026-02-22T00:00:00.000Z,2026-03-24T00:00:00.000Z,30,False,13143,438.1,1476902781.9016163,49230092.73005388,1103447.4747170017,36781.582490566725,2657082.0774232578
2026-03-24,,WTI,event0_2,2026-03-24T00:00:00.000Z,2026-03-27T00:00:00.000Z,3,False,758,252.66666666666666,52868575.467210025,17622858.48907001,39170.402128000016,13056.800709333338,62862.64744178697
2026-03-24,,WTI,event1_2,2026-03-25T00:00:00.000Z,2026-03-27T00:00:00.000Z,2,False,472,236.0,26799763.139502566,13399881.569751283,20212.146519000027,10106.073259500014,32460.948541503825
2026-03-24,,WTI,context0_7,2026-03-24T00:00:00.000Z,2026-04-01T00:00:00.000Z,8,False,2235,279.375,215477235.6553965,26934654.45692456,168524.74338,21065.5929225,266308.63143286307
2026-03-24,,BRENT,baseline30,2026-02-22T00:00:00.000Z,2026-03-24T00:00:00.000Z,30,False,31,1.0333333333333334,119877.76799890454,3995.9255999634847,153.89092899999997,5.129697633333333,194.6807086482304
2026-03-24,,BRENT,event0_2,2026-03-24T00:00:00.000Z,2026-03-27T00:00:00.000Z,3,False,171,57.0,78127571.76705801,26042523.92235267,64492.171249,21497.39041633333,105189.28547680934
2026-03-24,,BRENT,event1_2,2026-03-25T00:00:00.000Z,2026-03-27T00:00:00.000Z,2,False,87,43.5,8907309.247597342,4453654.623798671,10447.576686,5223.788343,16068.69789061902
2026-03-24,,BRENT,context0_7,2026-03-24T00:00:00.000Z,2026-04-01T00:00:00.000Z,8,False,622,77.75,267850308.9096696,33481288.6137087,217336.5457919999,27167.068223999988,341804.93925815343
2026-03-27,,WTI,baseline30,2026-02-25T00:00:00.000Z,2026-03-27T00:00:00.000Z,30,False,13747,458.23333333333335,1514710877.5985358,50490362.58661786,1139999.2680420002,37999.97560140001,2710000.6257310826
2026-03-27,,WTI,event0_2,2026-03-27T00:00:00.000Z,2026-03-30T00:00:00.000Z,3,False,372,124.0,20938653.886488363,6979551.295496121,22638.34315900002,7546.114386333339,32045.564589610352
2026-03-27,,WTI,event1_2,2026-03-28T00:00:00.000Z,2026-03-30T00:00:00.000Z,2,False,143,71.5,953446.8303949249,476723.4151974624,1009.1944760000002,504.5972380000001,1411.4653373999731
2026-03-27,,WTI,context0_7,2026-03-27T00:00:00.000Z,2026-04-04T00:00:00.000Z,8,False,5662,707.75,241726938.6542797,30215867.331784964,188879.12066199994,23609.890082749993,300189.27267129126
2026-03-27,,BRENT,baseline30,2026-02-25T00:00:00.000Z,2026-03-27T00:00:00.000Z,30,False,202,6.733333333333333,78247449.53505692,2608248.317835231,64646.06217799999,2154.8687392666666,105383.96618545757
2026-03-27,,BRENT,event0_2,2026-03-27T00:00:00.000Z,2026-03-30T00:00:00.000Z,3,False,100,33.333333333333336,32508750.78245066,10836250.260816887,42510.20437199999,14170.068123999998,60061.51570280316
2026-03-27,,BRENT,event1_2,2026-03-28T00:00:00.000Z,2026-03-30T00:00:00.000Z,2,False,0,0.0,0,0.0,0,0.0,0
2026-03-27,,BRENT,context0_7,2026-03-27T00:00:00.000Z,2026-04-04T00:00:00.000Z,8,False,784,98.0,290614136.5801955,36326767.072524436,242303.7284359996,30287.96605449995,374979.8565415688
2026-03-28,,WTI,baseline30,2026-02-26T00:00:00.000Z,2026-03-28T00:00:00.000Z,30,False,13909,463.6333333333333,1531457656.017542,51048588.53391806,1161498.6806910012,38716.62268970004,2739236.1693266626
2026-03-28,,WTI,event0_2,2026-03-28T00:00:00.000Z,2026-03-31T00:00:00.000Z,3,False,419,139.66666666666666,49966999.84066018,16655666.613553392,46846.17889499999,15615.392964999997,69379.95306425587
2026-03-28,,WTI,event1_2,2026-03-29T00:00:00.000Z,2026-03-31T00:00:00.000Z,2,False,419,209.5,49966999.84066018,24983499.92033009,46846.17889499999,23423.089447499995,69379.95306425587
2026-03-28,,WTI,context0_7,2026-03-28T00:00:00.000Z,2026-04-05T00:00:00.000Z,8,False,5433,679.125,221741731.59818617,27717716.44977327,167249.97197899997,20906.246497374996,269555.17341908044
2026-03-28,,BRENT,baseline30,2026-02-26T00:00:00.000Z,2026-03-28T00:00:00.000Z,30,False,302,10.066666666666666,110756200.31750758,3691873.3439169195,107156.26655000001,3571.875551666667,165445.48188826072
2026-03-28,,BRENT,event0_2,2026-03-28T00:00:00.000Z,2026-03-31T00:00:00.000Z,3,False,139,46.333333333333336,67616819.49995656,22538939.833318856,47506.542174,15835.514058,77589.43044012823
2026-03-28,,BRENT,event1_2,2026-03-29T00:00:00.000Z,2026-03-31T00:00:00.000Z,2,False,139,69.5,67616819.49995656,33808409.74997828,47506.542174,23753.271087,77589.43044012823
2026-03-28,,BRENT,context0_7,2026-03-28T00:00:00.000Z,2026-04-05T00:00:00.000Z,8,False,684,85.5,258105385.79774502,32263173.224718127,199793.52406399956,24974.190507999945,314918.34083876584
2026-03-30,,WTI,baseline30,2026-02-28T00:00:00.000Z,2026-03-30T00:00:00.000Z,30,False,13851,461.7,1512858116.60037,50428603.886679,1143218.439621002,38107.281320700065,2715533.0912021636
2026-03-30,,WTI,event0_2,2026-03-30T00:00:00.000Z,2026-04-02T00:00:00.000Z,3,False,4665,1555.0,210972639.15490392,70324213.05163464,161615.612593,53871.87086433333,258934.48965635072
2026-03-30,,WTI,event1_2,2026-03-31T00:00:00.000Z,2026-04-02T00:00:00.000Z,2,False,4389,2194.5,161959086.14463875,80979543.07231937,115778.62817400006,57889.31408700003,190966.00192949467
2026-03-30,,WTI,context0_7,2026-03-30T00:00:00.000Z,2026-04-07T00:00:00.000Z,8,False,5527,690.875,231647324.85135552,28955915.60641944,177134.37638400006,22141.797048000008,283973.38053782354
2026-03-30,,BRENT,baseline30,2026-02-28T00:00:00.000Z,2026-03-30T00:00:00.000Z,30,False,302,10.066666666666666,110756200.31750758,3691873.3439169195,107156.26655000001,3571.875551666667,165445.48188826072
2026-03-30,,BRENT,event0_2,2026-03-30T00:00:00.000Z,2026-04-02T00:00:00.000Z,3,False,433,144.33333333333334,164495217.88327867,54831739.294426225,113552.31808099989,37850.77269366663,184493.73257492576
2026-03-30,,BRENT,event1_2,2026-03-31T00:00:00.000Z,2026-04-02T00:00:00.000Z,2,False,294,147.0,96878398.38332224,48439199.19166112,66045.77590699996,33022.88795349998,106904.3021347977
2026-03-30,,BRENT,context0_7,2026-03-30T00:00:00.000Z,2026-04-07T00:00:00.000Z,8,False,836,104.5,365197799.27199125,45649724.90899891,275960.02432799974,34495.00304099997,449353.3200551979
2026-03-31,,WTI,baseline30,2026-03-01T00:00:00.000Z,2026-03-31T00:00:00.000Z,30,False,14127,470.9,1561871669.6106346,52062388.987021156,1189055.424040002,39635.1808013334,2783501.578929019
2026-03-31,,WTI,event0_2,2026-03-31T00:00:00.000Z,2026-04-03T00:00:00.000Z,3,False,5014,1671.3333333333333,171774731.75752595,57258243.91917532,120403.79308400008,40134.59769466669,200175.22035482404
2026-03-31,,WTI,event1_2,2026-04-01T00:00:00.000Z,2026-04-03T00:00:00.000Z,2,False,4185,2092.5,79118278.46609326,39559139.23304663,59524.77941000012,29762.38970500006,96743.28868021422
2026-03-31,,WTI,context0_7,2026-03-31T00:00:00.000Z,2026-04-08T00:00:00.000Z,8,False,5798,724.75,320450031.90670717,40056253.988338396,248435.26506099995,31054.408132624994,397525.44349815696
2026-03-31,,BRENT,baseline30,2026-03-01T00:00:00.000Z,2026-03-31T00:00:00.000Z,30,False,441,14.7,178373019.81746417,5945767.327248806,154662.808724,5155.426957466667,243034.91232838907
2026-03-31,,BRENT,event0_2,2026-03-31T00:00:00.000Z,2026-04-03T00:00:00.000Z,3,False,545,181.66666666666666,190488566.29778832,63496188.76592944,152286.98188999973,50762.327296666575,237328.91039863773
2026-03-31,,BRENT,event1_2,2026-04-01T00:00:00.000Z,2026-04-03T00:00:00.000Z,2,False,333,166.5,100891399.4375838,50445699.7187919,89459.35389299986,44729.67694649993,138364.20276022475
2026-03-31,,BRENT,context0_7,2026-03-31T00:00:00.000Z,2026-04-08T00:00:00.000Z,8,False,895,111.875,342564920.74150854,42820615.09268857,252793.609726,31599.20121575,419798.05305696314
2026-04-03,,WTI,baseline30,2026-03-04T00:00:00.000Z,2026-04-03T00:00:00.000Z,30,False,17374,579.1333333333333,1591090243.7249115,53036341.457497045,1176809.7285190057,39226.990950633524,2788903.2736182376
2026-04-03,,WTI,event0_2,2026-04-03T00:00:00.000Z,2026-04-06T00:00:00.000Z,3,False,51,17.0,113676.67824606628,37892.22608202209,56.87398000000002,18.957993333333338,110.93792241142826
2026-04-03,,WTI,event1_2,2026-04-04T00:00:00.000Z,2026-04-06T00:00:00.000Z,2,False,51,25.5,113676.67824606628,56838.33912303314,56.87398000000002,28.43699000000001,110.93792241142826
2026-04-03,,WTI,context0_7,2026-04-03T00:00:00.000Z,2026-04-11T00:00:00.000Z,8,False,1561,195.125,202596566.41327223,25324570.80165903,148159.0342330001,18519.879279125013,248895.56027882977
2026-04-03,,BRENT,baseline30,2026-03-04T00:00:00.000Z,2026-04-03T00:00:00.000Z,30,False,986,32.86666666666667,368861586.11525244,12295386.203841748,306949.7906139996,10231.65968713332,480363.8227270268
2026-04-03,,BRENT,event0_2,2026-04-03T00:00:00.000Z,2026-04-06T00:00:00.000Z,3,False,0,0.0,0,0.0,0,0.0,0
2026-04-03,,BRENT,event1_2,2026-04-04T00:00:00.000Z,2026-04-06T00:00:00.000Z,2,False,0,0.0,0,0.0,0,0.0,0
2026-04-03,,BRENT,context0_7,2026-04-03T00:00:00.000Z,2026-04-11T00:00:00.000Z,8,False,727,90.875,164849132.99822408,20606141.62477801,102066.16286200003,12758.270357750003,194774.20046539605
2026-04-09,,WTI,baseline30,2026-03-10T00:00:00.000Z,2026-04-09T00:00:00.000Z,30,False,12976,432.53333333333336,1351912628.8337739,45063754.29445913,1027768.2131890047,34258.94043963349,2141837.8965195776
2026-04-09,,WTI,event0_2,2026-04-09T00:00:00.000Z,2026-04-12T00:00:00.000Z,3,False,385,128.33333333333334,15595633.836590216,5198544.612196739,9697.969456000003,3232.6564853333343,13230.10770944872
2026-04-09,,WTI,event1_2,2026-04-10T00:00:00.000Z,2026-04-12T00:00:00.000Z,2,False,108,54.0,5643458.068845934,2821729.034422967,3728.5841670000013,1864.2920835000007,4634.0199307705525
2026-04-09,,WTI,context0_7,2026-04-09T00:00:00.000Z,2026-04-17T00:00:00.000Z,8,False,1305,163.125,35450959.052515656,4431369.881564457,23734.567597999994,2966.8209497499993,3334.0705231487927
2026-04-09,,BRENT,baseline30,2026-03-10T00:00:00.000Z,2026-04-09T00:00:00.000Z,30,False,1587,52.9,532212851.46565235,17740428.382188413,408368.8834239999,13612.296114133329,671407.9207110698
2026-04-09,,BRENT,event0_2,2026-04-09T00:00:00.000Z,2026-04-12T00:00:00.000Z,3,False,126,42.0,1497867.647824318,499289.2159414393,647.0700520000001,215.69001733333337,3730.1024813547274
2026-04-09,,BRENT,event1_2,2026-04-10T00:00:00.000Z,2026-04-12T00:00:00.000Z,2,False,48,24.0,578877.7582297081,289438.87911485403,382.8816110000002,191.4408055000001,612.6847564092956
2026-04-09,,BRENT,context0_7,2026-04-09T00:00:00.000Z,2026-04-17T00:00:00.000Z,8,False,259,32.375,1953276.6132977435,244159.57666221794,1030.57293,128.82161625,4281.836274334243
2026-04-13,,WTI,baseline30,2026-03-14T00:00:00.000Z,2026-04-13T00:00:00.000Z,30,False,10560,352.0,1089524284.4721878,36317476.14907292,783128.9324750021,26104.297749166737,1343968.0390861
2026-04-13,,WTI,event0_2,2026-04-13T00:00:00.000Z,2026-04-16T00:00:00.000Z,3,False,755,251.66666666666666,16708701.110884123,5569567.036961374,11837.214951000005,3945.7383170000016,-9074.455197250369
2026-04-13,,WTI,event1_2,2026-04-14T00:00:00.000Z,2026-04-16T00:00:00.000Z,2,False,390,195.0,10153226.978769042,5076613.489384521,6660.734153000002,3330.367076500001,-8354.825107641002
2026-04-13,,WTI,context0_7,2026-04-13T00:00:00.000Z,2026-04-21T00:00:00.000Z,8,False,1272,159.0,22732268.55842938,2841533.5698036724,16291.19374500001,2036.3992181250012,-3939.1008508606037
2026-04-13,,BRENT,baseline30,2026-03-14T00:00:00.000Z,2026-04-13T00:00:00.000Z,30,False,1713,57.1,533710719.11347663,17790357.303782556,409015.9534759999,13633.865115866663,675138.0231924246
2026-04-13,,BRENT,event0_2,2026-04-13T00:00:00.000Z,2026-04-16T00:00:00.000Z,3,False,92,30.666666666666668,299347.67047978455,99782.55682659485,262.685739,87.561913,78.25793854318928
2026-04-13,,BRENT,event1_2,2026-04-14T00:00:00.000Z,2026-04-16T00:00:00.000Z,2,False,41,20.5,167780.16586066043,83890.08293033022,182.20897299999996,91.10448649999998,64.46451920465925
2026-04-13,,BRENT,context0_7,2026-04-13T00:00:00.000Z,2026-04-21T00:00:00.000Z,8,False,214,26.75,986855.4765308858,123356.93456636072,674.3835550000001,84.29794437500001,445.07814953983126
2026-04-20,,WTI,baseline30,2026-03-21T00:00:00.000Z,2026-04-20T00:00:00.000Z,30,False,10054,335.1333333333333,618319778.5804003,20610659.286013346,430329.2670100018,14344.308900333393,731954.9932590552
2026-04-20,,WTI,event0_2,2026-04-20T00:00:00.000Z,2026-04-23T00:00:00.000Z,3,False,230,76.66666666666667,5023017.162016798,1674339.0540055993,1662.4542690000005,554.1514230000001,2332.540854707815
2026-04-20,,WTI,event1_2,2026-04-21T00:00:00.000Z,2026-04-23T00:00:00.000Z,2,False,158,79.0,4124476.0538603044,2062238.0269301522,1112.1971660000004,556.0985830000002,1774.3484777702279
2026-04-20,,WTI,context0_7,2026-04-20T00:00:00.000Z,2026-04-28T00:00:00.000Z,8,False,583,72.875,20184490.594655894,2523061.3243319867,5266.460328,658.307541,76125.45013422625
2026-04-20,,BRENT,baseline30,2026-03-21T00:00:00.000Z,2026-04-20T00:00:00.000Z,30,False,1901,63.36666666666667,534539304.0530966,17817976.801769886,409589.0448399999,13652.968161333329,675523.446373427
2026-04-20,,BRENT,event0_2,2026-04-20T00:00:00.000Z,2026-04-23T00:00:00.000Z,3,False,54,18.0,458782.9119255308,152927.63730851028,168.091555,56.03051833333333,148.6481909646787
2026-04-20,,BRENT,event1_2,2026-04-21T00:00:00.000Z,2026-04-23T00:00:00.000Z,2,False,28,14.0,300512.3750146562,150256.1875073281,66.799364,33.399682,88.99322242728937
2026-04-20,,BRENT,context0_7,2026-04-20T00:00:00.000Z,2026-04-28T00:00:00.000Z,8,False,115,14.375,1673795.0665307723,209224.38331634653,506.72233399999993,63.34029174999999,1014.8118451200104
2026-05-06,,WTI,baseline30,2026-04-06T00:00:00.000Z,2026-05-06T00:00:00.000Z,30,False,4238,141.26666666666668,269680652.3043971,8989355.076813238,175270.2998330001,5842.343327766671,358308.87800087815
2026-05-06,,WTI,event0_2,2026-05-06T00:00:00.000Z,2026-05-09T00:00:00.000Z,3,False,1189,396.3333333333333,12275925.55782027,4091975.18594009,2545.6104,848.5368,-104131.99493198098
2026-05-06,,WTI,event1_2,2026-05-07T00:00:00.000Z,2026-05-09T00:00:00.000Z,2,False,441,220.5,4361270.991382698,2180635.495691349,1073.1176539999992,536.5588269999996,-474.0348580993011
2026-05-06,,WTI,context0_7,2026-05-06T00:00:00.000Z,2026-05-14T00:00:00.000Z,8,True,1305,163.125,13707732.428829672,1713466.553603709,2708.0083969999987,338.50104962499984,-109110.77921621261
2026-05-06,,BRENT,baseline30,2026-04-06T00:00:00.000Z,2026-05-06T00:00:00.000Z,30,False,1217,40.56666666666667,169564241.4595901,5652141.381986337,103785.33733000002,3459.511244333334,194779.34241541126
2026-05-06,,BRENT,event0_2,2026-05-06T00:00:00.000Z,2026-05-09T00:00:00.000Z,3,False,250,83.33333333333333,4229192.796330823,1409730.9321102742,1044.6819810000006,348.22732700000023,-3332.3504422336937
2026-05-06,,BRENT,event1_2,2026-05-07T00:00:00.000Z,2026-05-09T00:00:00.000Z,2,False,156,78.0,2115844.528808145,1057922.2644040724,566.2629980000004,283.1314990000002,1247.6124198224604
2026-05-06,,BRENT,context0_7,2026-05-06T00:00:00.000Z,2026-05-14T00:00:00.000Z,8,True,271,33.875,5286671.412494074,660833.9265617592,1473.875629,184.234453625,-2493.6184458082657
2026-05-06,2052072913570779554,WTI,post_baseline30,2026-04-06T17:08:02.000Z,2026-05-06T17:08:02.000Z,30,False,4804,160.13333333333333,267112536.17438805,8903751.205812935,166507.11730300018,5550.237243433339,239979.21930167094
2026-05-06,2052072913570779554,WTI,post_event48h,2026-05-06T17:08:02.000Z,2026-05-08T17:08:02.000Z,2,False,458,229.0,4295340.26432761,2147670.132163805,1036.0475379999998,518.0237689999999,-697.6210478725726
2026-05-06,2052072913570779554,WTI,post_event72h,2026-05-06T17:08:02.000Z,2026-05-09T17:08:02.000Z,3,False,475,158.33333333333334,4572542.270003303,1524180.7566677677,1140.7239339999994,380.24131133333316,-636.4727418014035
2026-05-06,2052072913570779554,BRENT,post_baseline30,2026-04-06T17:08:02.000Z,2026-05-06T17:08:02.000Z,30,False,1175,39.166666666666664,71493924.045062,2383130.8015020667,39231.45051800002,1307.7150172666672,69688.92820294733
2026-05-06,2052072913570779554,BRENT,post_event48h,2026-05-06T17:08:02.000Z,2026-05-08T17:08:02.000Z,2,False,163,81.5,2316296.355126639,1158148.1775633194,564.9731450000003,282.48657250000014,1149.5645124266791
2026-05-06,2052072913570779554,BRENT,post_event72h,2026-05-06T17:08:02.000Z,2026-05-09T17:08:02.000Z,3,False,169,56.333333333333336,2525483.033646212,841827.6778820707,574.9731450000004,191.65771500000014,1199.3361024042601
2026-05-06,2052072913566576963,WTI,post_baseline30,2026-04-06T17:08:02.000Z,2026-05-06T17:08:02.000Z,30,False,4804,160.13333333333333,267112536.17438805,8903751.205812935,166507.11730300018,5550.237243433339,239979.21930167094
2026-05-06,2052072913566576963,WTI,post_event48h,2026-05-06T17:08:02.000Z,2026-05-08T17:08:02.000Z,2,False,458,229.0,4295340.26432761,2147670.132163805,1036.0475379999998,518.0237689999999,-697.6210478725726
2026-05-06,2052072913566576963,WTI,post_event72h,2026-05-06T17:08:02.000Z,2026-05-09T17:08:02.000Z,3,False,475,158.33333333333334,4572542.270003303,1524180.7566677677,1140.7239339999994,380.24131133333316,-636.4727418014035
2026-05-06,2052072913566576963,BRENT,post_baseline30,2026-04-06T17:08:02.000Z,2026-05-06T17:08:02.000Z,30,False,1175,39.166666666666664,71493924.045062,2383130.8015020667,39231.45051800002,1307.7150172666672,69688.92820294733
2026-05-06,2052072913566576963,BRENT,post_event48h,2026-05-06T17:08:02.000Z,2026-05-08T17:08:02.000Z,2,False,163,81.5,2316296.355126639,1158148.1775633194,564.9731450000003,282.48657250000014,1149.5645124266791
2026-05-06,2052072913566576963,BRENT,post_event72h,2026-05-06T17:08:02.000Z,2026-05-09T17:08:02.000Z,3,False,169,56.333333333333336,2525483.033646212,841827.6778820707,574.9731450000004,191.65771500000014,1199.3361024042601
2026-04-20,2046333302760460376,WTI,post_baseline30,2026-03-21T21:00:53.000Z,2026-04-20T21:00:53.000Z,30,False,10126,337.53333333333336,619218319.6885563,20640610.65628521,430879.5241130018,14362.650803766728,732513.1856359928
2026-04-20,2046333302760460376,WTI,post_event48h,2026-04-20T21:00:53.000Z,2026-04-22T21:00:53.000Z,2,False,155,77.5,4117721.8822906297,2058860.9411453148,1111.4471660000004,555.7235830000002,1770.219039198667
2026-04-20,2046333302760460376,WTI,post_event72h,2026-04-20T21:00:53.000Z,2026-04-23T21:00:53.000Z,3,False,290,96.66666666666667,8810049.705571454,2936683.2351904847,2195.5945229999998,731.864841,29344.936195321512
2026-04-20,2046333302760460376,BRENT,post_baseline30,2026-03-21T21:00:53.000Z,2026-04-20T21:00:53.000Z,30,False,1927,64.23333333333333,534697574.5900075,17823252.486333583,409690.3370309999,13656.344567699996,675583.1013419644
2026-04-20,2046333302760460376,BRENT,post_event48h,2026-04-20T21:00:53.000Z,2026-04-22T21:00:53.000Z,2,False,28,14.0,300512.3750146562,150256.1875073281,66.799364,33.399682,88.99322242728937
2026-04-20,2046333302760460376,BRENT,post_event72h,2026-04-20T21:00:53.000Z,2026-04-23T21:00:53.000Z,3,False,41,13.666666666666666,711761.7808920477,237253.9269640159,168.15772,56.052573333333335,262.8063666999993
2026-04-13,2043652069979275728,WTI,post_baseline30,2026-03-14T11:26:37.000Z,2026-04-13T11:26:37.000Z,30,False,10669,355.6333333333333,1091465437.2309613,36382181.24103204,784616.9843420022,26153.899478066738,1339069.132438726
2026-04-13,2043652069979275728,WTI,post_event48h,2026-04-13T11:26:37.000Z,2026-04-15T11:26:37.000Z,2,False,547,273.5,10416380.125523185,5208190.062761593,7205.323998000003,3602.6619990000013,-6560.359690406105
2026-04-13,2043652069979275728,WTI,post_event72h,2026-04-13T11:26:37.000Z,2026-04-16T11:26:37.000Z,3,False,671,223.66666666666666,14943544.350551048,4981181.450183683,10375.464629000006,3458.4882096666684,-5910.835356402142
2026-04-13,2043652069979275728,BRENT,post_baseline30,2026-03-14T11:26:37.000Z,2026-04-13T11:26:37.000Z,30,False,1742,58.06666666666667,533756061.2836739,17791868.709455796,409045.7602419999,13634.858674733328,675129.567793633
2026-04-13,2043652069979275728,BRENT,post_event48h,2026-04-13T11:26:37.000Z,2026-04-15T11:26:37.000Z,2,False,51,25.5,193003.5730132527,96501.78650662635,144.784499,72.3922495,11.632408829275914
2026-04-13,2043652069979275728,BRENT,post_event72h,2026-04-13T11:26:37.000Z,2026-04-16T11:26:37.000Z,3,False,66,22.0,275646.2243685753,91882.07478952511,237.378973,79.12632433333333,408.2199533929556
2026-04-09,2042267771275473360,WTI,post_baseline30,2026-03-10T15:45:54.000Z,2026-04-09T15:45:54.000Z,30,False,12462,415.4,1300261558.8006687,43342051.96002229,978793.457586004,32626.448586200135,2036075.3974987082
2026-04-09,2042267771275473360,WTI,post_event48h,2026-04-09T15:45:54.000Z,2026-04-11T15:45:54.000Z,2,False,221,110.5,13314380.20575311,6657190.102876555,9264.762754000005,4632.381377000002,16227.871938254902
2026-04-09,2042267771275473360,WTI,post_event72h,2026-04-09T15:45:54.000Z,2026-04-12T15:45:54.000Z,3,False,221,73.66666666666667,13314380.20575311,4438126.7352510365,9264.762754000005,3088.254251333335,16227.871938254902
2026-04-09,2042267771275473360,BRENT,post_baseline30,2026-03-10T15:45:54.000Z,2026-04-09T15:45:54.000Z,30,False,1643,54.766666666666666,533030110.7732171,17767670.359107237,408484.3417829999,13616.144726099998,674338.102672503
2026-04-09,2042267771275473360,BRENT,post_event48h,2026-04-09T15:45:54.000Z,2026-04-11T15:45:54.000Z,2,False,70,35.0,680608.3402596232,340304.1701298116,531.6116930000002,265.8058465000001,799.9205199215914
2026-04-09,2042267771275473360,BRENT,post_event72h,2026-04-09T15:45:54.000Z,2026-04-12T15:45:54.000Z,3,False,70,23.333333333333332,680608.3402596232,226869.44675320774,531.6116930000002,177.20389766666673,799.9205199215914
2026-04-09,2042157827930911018,WTI,post_baseline30,2026-03-10T08:29:02.000Z,2026-04-09T08:29:02.000Z,30,False,12767,425.56666666666666,1346650054.6356053,44888335.15452018,1024667.4363470046,34155.58121156682,2103322.001449798
2026-04-09,2042157827930911018,WTI,post_event48h,2026-04-09T08:29:02.000Z,2026-04-11T08:29:02.000Z,2,False,312,156.0,13682554.655900462,6841277.327950231,9647.209406000004,4823.604703000002,16694.005611731547
2026-04-09,2042157827930911018,WTI,post_event72h,2026-04-09T08:29:02.000Z,2026-04-12T08:29:02.000Z,3,False,312,104.0,13682554.655900462,4560851.551966821,9647.209406000004,3215.736468666668,16694.005611731547
2026-04-09,2042157827930911018,BRENT,post_baseline30,2026-03-10T08:29:02.000Z,2026-04-09T08:29:02.000Z,30,False,1614,53.8,532939843.1142004,17764661.437140014,408376.0656429999,13612.53552143333,674209.8189428785
2026-04-09,2042157827930911018,BRENT,post_event48h,2026-04-09T08:29:02.000Z,2026-04-11T08:29:02.000Z,2,False,99,49.5,770875.9992762626,385437.9996381313,639.8878330000002,319.9439165000001,928.2042495460787
2026-04-09,2042157827930911018,BRENT,post_event72h,2026-04-09T08:29:02.000Z,2026-04-12T08:29:02.000Z,3,False,99,33.0,770875.9992762626,256958.66642542087,639.8878330000002,213.2959443333334,928.2042495460787
2026-04-03,2040053134899204248,WTI,post_baseline30,2026-03-04T13:05:44.000Z,2026-04-03T13:05:44.000Z,30,False,17100,570.0,1587565054.8422627,52918835.16140876,1174928.5844640043,39164.28614880014,2784840.779915886
2026-04-03,2040053134899204248,WTI,post_event48h,2026-04-03T13:05:44.000Z,2026-04-05T13:05:44.000Z,2,False,0,0.0,0,0.0,0,0.0,0
2026-04-03,2040053134899204248,WTI,post_event72h,2026-04-03T13:05:44.000Z,2026-04-06T13:05:44.000Z,3,False,151,50.333333333333336,2822028.9487735075,940676.3162578358,2471.5744870000003,823.8581623333334,3785.446095683703
2026-04-03,2040053134899204248,BRENT,post_baseline30,2026-03-04T13:05:44.000Z,2026-04-03T13:05:44.000Z,30,False,986,32.86666666666667,368861586.11525244,12295386.203841748,306949.7906139996,10231.65968713332,480363.8227270268
2026-04-03,2040053134899204248,BRENT,post_event48h,2026-04-03T13:05:44.000Z,2026-04-05T13:05:44.000Z,2,False,0,0.0,0,0.0,0,0.0,0
2026-04-03,2040053134899204248,BRENT,post_event72h,2026-04-03T13:05:44.000Z,2026-04-06T13:05:44.000Z,3,False,63,21.0,30995005.945082273,10331668.648360757,9666.619292000001,3222.206430666667,30299.942505159608
2026-03-31,2039103046060527692,WTI,post_baseline30,2026-03-01T22:10:25.000Z,2026-03-31T22:10:25.000Z,30,False,14896,496.53333333333336,1653659470.134537,55121982.3378179,1249259.4730390029,41641.98243463343,2885887.579817444
2026-03-31,2039103046060527692,WTI,post_event48h,2026-03-31T22:10:25.000Z,2026-04-02T22:10:25.000Z,2,False,4246,2123.0,80189253.25214753,40094626.62607376,60199.744085000115,30099.872042500057,97857.780187545
2026-03-31,2039103046060527692,WTI,post_event72h,2026-03-31T22:10:25.000Z,2026-04-03T22:10:25.000Z,3,False,4246,1415.3333333333333,80189253.25214753,26729751.084049176,60199.744085000115,20066.581361666704,97857.780187545
2026-03-31,2039103046060527692,BRENT,post_baseline30,2026-03-01T22:10:25.000Z,2026-03-31T22:10:25.000Z,30,False,653,21.766666666666666,267970186.6776685,8932339.555922283,217490.43672099995,7249.681224033332,341999.6199668019
2026-03-31,2039103046060527692,BRENT,post_event48h,2026-03-31T22:10:25.000Z,2026-04-02T22:10:25.000Z,2,False,333,166.5,100891399.4375838,50445699.7187919,89459.35389299986,44729.67694649993,138364.20276022475
2026-03-31,2039103046060527692,BRENT,post_event72h,2026-03-31T22:10:25.000Z,2026-04-03T22:10:25.000Z,3,False,333,111.0,100891399.4375838,33630466.479194604,89459.35389299986,29819.784630999955,138364.20276022475
2026-03-30,2038723410470076589,WTI,post_baseline30,2026-02-28T21:01:53.000Z,2026-03-30T21:01:53.000Z,30,False,14107,470.23333333333335,1561652408.5807643,52055080.28602548,1188723.495129002,39624.116504300066,2783066.7413904998
2026-03-30,2038723410470076589,WTI,post_event48h,2026-03-30T21:01:53.000Z,2026-04-01T21:01:53.000Z,2,False,4316,2158.0,161286524.1713413,80643262.08567065,114953.10011800005,57476.55005900002,189842.24266251602
2026-03-30,2038723410470076589,WTI,post_event72h,2026-03-30T21:01:53.000Z,2026-04-02T21:01:53.000Z,3,False,5034,1678.0,171993992.78739625,57331330.92913208,120735.72199500006,40245.24066500002,200610.05789334368
2026-03-30,2038723410470076589,BRENT,post_baseline30,2026-02-28T21:01:53.000Z,2026-03-30T21:01:53.000Z,30,False,441,14.7,178373019.81746417,5945767.327248806,154662.808724,5155.426957466667,243034.91232838907
2026-03-30,2038723410470076589,BRENT,post_event48h,2026-03-30T21:01:53.000Z,2026-04-01T21:01:53.000Z,2,False,294,147.0,96878398.38332224,48439199.19166112,66045.77590699996,33022.88795349998,106904.3021347977
2026-03-30,2038723410470076589,BRENT,post_event72h,2026-03-30T21:01:53.000Z,2026-04-02T21:01:53.000Z,3,False,545,181.66666666666666,190488566.29778832,63496188.76592944,152286.98188999973,50762.327296666575,237328.91039863773
2026-03-28,2037953544922206393,WTI,post_baseline30,2026-02-26T18:02:43.000Z,2026-03-28T18:02:43.000Z,30,False,13820,460.6666666666667,1530138660.9315338,51004622.03105113,1160582.8357050018,38686.09452350006,2737912.4070812403
2026-03-28,2037953544922206393,WTI,post_event48h,2026-03-28T18:02:43.000Z,2026-03-30T18:02:43.000Z,2,False,368,184.0,49417803.29572343,24708901.647861715,46377.22746899999,23188.613734499995,68667.60951951692
2026-03-28,2037953544922206393,WTI,post_event72h,2026-03-28T18:02:43.000Z,2026-03-31T18:02:43.000Z,3,False,1091,363.6666666666667,138413048.4238344,46137682.807944804,104032.46358099999,34677.48786033333,167266.60774250736
2026-03-28,2037953544922206393,BRENT,post_baseline30,2026-02-26T18:02:43.000Z,2026-03-28T18:02:43.000Z,30,False,302,10.066666666666666,110756200.31750758,3691873.3439169195,107156.26655000001,3571.875551666667,165445.48188826072
2026-03-28,2037953544922206393,BRENT,post_event48h,2026-03-28T18:02:43.000Z,2026-03-30T18:02:43.000Z,2,False,115,57.5,67161112.03248948,33580556.01624474,46819.625977,23409.8129885,76718.40047103568
2026-03-28,2037953544922206393,BRENT,post_event72h,2026-03-28T18:02:43.000Z,2026-03-31T18:02:43.000Z,3,False,315,105.0,154490919.95559153,51496973.31853051,110305.37017099996,36768.456723666655,174641.8415448667
2026-03-28,2037929986305241286,WTI,post_baseline30,2026-02-26T16:29:06.000Z,2026-03-28T16:29:06.000Z,30,False,13832,461.06666666666666,1530173597.4606848,51005786.58202282,1160611.1566100016,38687.038553666716,2737946.3824499133
2026-03-28,2037929986305241286,WTI,post_event48h,2026-03-28T16:29:06.000Z,2026-03-30T16:29:06.000Z,2,False,349,174.5,49378969.83103619,24689484.915518094,46354.589083,23177.2945415,68627.60154261912
2026-03-28,2037929986305241286,WTI,post_event72h,2026-03-28T16:29:06.000Z,2026-03-31T16:29:06.000Z,3,False,981,327.0,135689926.97991487,45229975.659971625,102491.06087299998,34163.68695766666,163522.11033271728
2026-03-28,2037929986305241286,BRENT,post_baseline30,2026-02-26T16:29:06.000Z,2026-03-28T16:29:06.000Z,30,False,302,10.066666666666666,110756200.31750758,3691873.3439169195,107156.26655000001,3571.875551666667,165445.48188826072
2026-03-28,2037929986305241286,BRENT,post_event48h,2026-03-28T16:29:06.000Z,2026-03-30T16:29:06.000Z,2,False,102,51.0,67024797.87567018,33512398.93783509,46645.655291,23322.8276455,76489.56797205331
2026-03-28,2037929986305241286,BRENT,post_event72h,2026-03-28T16:29:06.000Z,2026-03-31T16:29:06.000Z,3,False,266,88.66666666666667,152932453.6556949,50977484.5518983,108859.08565899996,36286.36188633332,172081.03563169463
2026-03-27,2037640960159678503,WTI,post_baseline30,2026-02-25T21:20:37.000Z,2026-03-27T21:20:37.000Z,30,False,13910,463.6666666666667,1531478747.9884076,51049291.599613585,1161498.6806910012,38716.62268970004,2739239.707987245
2026-03-27,2037640960159678503,WTI,post_event48h,2026-03-27T21:20:37.000Z,2026-03-29T21:20:37.000Z,2,False,0,0.0,0,0.0,0,0.0,0
2026-03-27,2037640960159678503,WTI,post_event72h,2026-03-27T21:20:37.000Z,2026-03-30T21:20:37.000Z,3,False,399,133.0,49747738.810789876,16582579.603596626,46514.249983999995,15504.749994666665,68945.11552573639
2026-03-27,2037640960159678503,BRENT,post_baseline30,2026-02-25T21:20:37.000Z,2026-03-27T21:20:37.000Z,30,False,302,10.066666666666666,110756200.31750758,3691873.3439169195,107156.26655000001,3571.875551666667,165445.48188826072
2026-03-27,2037640960159678503,BRENT,post_event48h,2026-03-27T21:20:37.000Z,2026-03-29T21:20:37.000Z,2,False,0,0.0,0,0.0,0,0.0,0
2026-03-27,2037640960159678503,BRENT,post_event72h,2026-03-27T21:20:37.000Z,2026-03-30T21:20:37.000Z,3,False,139,46.333333333333336,67616819.49995656,22538939.833318856,47506.542174,15835.514058,77589.43044012823
2026-03-27,2037520026341650937,WTI,post_baseline30,2026-02-25T13:20:04.000Z,2026-03-27T13:20:04.000Z,30,False,13820,460.6666666666667,1513356354.3267312,50445211.81089104,1142363.5588080008,38078.78529360003,2711901.396789278
2026-03-27,2037520026341650937,WTI,post_event48h,2026-03-27T13:20:04.000Z,2026-03-29T13:20:04.000Z,2,False,128,64.0,18289198.115903117,9144599.057951558,19229.821538,9614.910769,27467.3034161119
2026-03-27,2037520026341650937,WTI,post_event72h,2026-03-27T13:20:04.000Z,2026-03-30T13:20:04.000Z,3,False,454,151.33333333333334,63915138.826079965,21305046.27535999,59990.188116999976,19996.729372333324,88815.17639293017
2026-03-27,2037520026341650937,BRENT,post_baseline30,2026-02-25T13:20:04.000Z,2026-03-27T13:20:04.000Z,30,False,254,8.466666666666667,104872218.83276846,3495740.6277589486,102000.508853,3400.016961766667,157341.12566737074
2026-03-27,2037520026341650937,BRENT,post_event48h,2026-03-27T13:20:04.000Z,2026-03-29T13:20:04.000Z,2,False,48,24.0,5883981.484739113,2941990.7423695563,5155.757697,2577.8788485,8104.356220889972
2026-03-27,2037520026341650937,BRENT,post_event72h,2026-03-27T13:20:04.000Z,2026-03-30T13:20:04.000Z,3,False,120,40.0,72313238.23345487,24104412.744484957,50917.05477100001,16972.351590333335,83413.67494878134
2026-03-24,2036488094296449322,WTI,post_baseline30,2026-02-22T16:59:32.000Z,2026-03-24T16:59:32.000Z,30,False,13332,444.4,1486626078.4148595,49554202.61382865,1111081.4445650014,37036.04815216672,2669088.8205674887
2026-03-24,2036488094296449322,WTI,post_event48h,2026-03-24T16:59:32.000Z,2026-03-26T16:59:32.000Z,2,False,503,251.5,42659929.16373048,21329964.58186524,30930.633842000032,15465.316921000016,49908.4952155426
2026-03-24,2036488094296449322,WTI,post_event72h,2026-03-24T16:59:32.000Z,2026-03-27T16:59:32.000Z,3,False,722,240.66666666666666,60860301.97632851,20286767.325442836,51239.597807999955,17079.865935999984,78522.43701794514
2026-03-24,2036488094296449322,BRENT,post_baseline30,2026-02-22T16:59:32.000Z,2026-03-24T16:59:32.000Z,30,False,82,2.7333333333333334,30411197.642931886,1013706.5880977295,46543.28179299999,1551.4427264333328,59063.029791033485
2026-03-24,2036488094296449322,BRENT,post_event48h,2026-03-24T16:59:32.000Z,2026-03-26T16:59:32.000Z,2,False,98,49.0,46305437.47298547,23152718.736492734,15795.102636999998,7897.551318499999,42920.77604978936
2026-03-24,2036488094296449322,BRENT,post_event72h,2026-03-24T16:59:32.000Z,2026-03-27T16:59:32.000Z,3,False,185,61.666666666666664,77272767.97260761,25757589.324202538,55980.58327399999,18660.194424666664,99957.69435263667
2026-03-23,2036180862891651128,WTI,post_baseline30,2026-02-21T20:38:42.000Z,2026-03-23T20:38:42.000Z,30,False,13114,437.1333333333333,1476748905.3928375,49224963.51309458,1103293.4553920017,36776.44851306672,2656860.4317530026
2026-03-23,2036180862891651128,WTI,post_event48h,2026-03-23T20:38:42.000Z,2026-03-25T20:38:42.000Z,2,False,558,279.0,27080670.017944753,13540335.008972377,19792.335264999983,9896.167632499992,31859.252820907772
2026-03-23,2036180862891651128,WTI,post_event72h,2026-03-23T20:38:42.000Z,2026-03-26T20:38:42.000Z,3,False,775,258.3333333333333,52701347.32108835,17567115.773696117,38840.656407000024,12946.885469000008,62456.42886015482
2026-03-23,2036180862891651128,BRENT,post_baseline30,2026-02-21T20:38:42.000Z,2026-03-23T20:38:42.000Z,30,False,30,1.0,118773.06299890454,3959.1020999634848,152.22592899999995,5.074197633333331,192.519672926174
2026-03-23,2036180862891651128,BRENT,post_event48h,2026-03-23T20:38:42.000Z,2026-03-25T20:38:42.000Z,2,False,114,57.0,75116693.57518373,37558346.78759187,59955.20189099999,29977.600945499995,98768.99805492631
2026-03-23,2036180862891651128,BRENT,post_event72h,2026-03-23T20:38:42.000Z,2026-03-26T20:38:42.000Z,3,False,171,57.0,77117593.37646802,25705864.45882267,62963.437114,20987.812371333333,102920.99797499338
2026-03-17,2034034791943967135,WTI,post_baseline30,2026-02-15T22:30:59.000Z,2026-03-17T22:30:59.000Z,30,False,11612,387.06666666666666,1072586389.5279613,35752879.650932044,854512.8711519968,28483.762371733224,2173780.567731277
2026-03-17,2034034791943967135,WTI,post_event48h,2026-03-17T22:30:59.000Z,2026-03-19T22:30:59.000Z,2,False,822,411.0,311336510.338991,155668255.1694955,207890.84959400012,103945.42479700006,353568.5703017666
2026-03-17,2034034791943967135,WTI,post_event72h,2026-03-17T22:30:59.000Z,2026-03-20T22:30:59.000Z,3,False,1018,339.3333333333333,325360377.1759835,108453459.05866116,228955.03080900022,76318.34360300007,380964.29637837934
2026-03-17,2034034791943967135,BRENT,post_baseline30,2026-02-15T22:30:59.000Z,2026-03-17T22:30:59.000Z,30,False,0,0.0,0,0.0,0,0.0,0
2026-03-17,2034034791943967135,BRENT,post_event48h,2026-03-17T22:30:59.000Z,2026-03-19T22:30:59.000Z,2,False,0,0.0,0,0.0,0,0.0,0
2026-03-17,2034034791943967135,BRENT,post_event72h,2026-03-17T22:30:59.000Z,2026-03-20T22:30:59.000Z,3,False,0,0.0,0,0.0,0,0.0,0
2026-03-17,2034034779063198173,WTI,post_baseline30,2026-02-15T22:30:56.000Z,2026-03-17T22:30:56.000Z,30,False,11612,387.06666666666666,1072586389.5279613,35752879.650932044,854512.8711519968,28483.762371733224,2173780.567731277
2026-03-17,2034034779063198173,WTI,post_event48h,2026-03-17T22:30:56.000Z,2026-03-19T22:30:56.000Z,2,False,822,411.0,311336510.338991,155668255.1694955,207890.84959400012,103945.42479700006,353568.5703017666
2026-03-17,2034034779063198173,WTI,post_event72h,2026-03-17T22:30:56.000Z,2026-03-20T22:30:56.000Z,3,False,1018,339.3333333333333,325360377.1759835,108453459.05866116,228955.03080900022,76318.34360300007,380964.29637837934
2026-03-17,2034034779063198173,BRENT,post_baseline30,2026-02-15T22:30:56.000Z,2026-03-17T22:30:56.000Z,30,False,0,0.0,0,0.0,0,0.0,0
2026-03-17,2034034779063198173,BRENT,post_event48h,2026-03-17T22:30:56.000Z,2026-03-19T22:30:56.000Z,2,False,0,0.0,0,0.0,0,0.0,0
2026-03-17,2034034779063198173,BRENT,post_event72h,2026-03-17T22:30:56.000Z,2026-03-20T22:30:56.000Z,3,False,0,0.0,0,0.0,0,0.0,0
2026-03-16,2033512863537754504,WTI,post_baseline30,2026-02-14T11:57:02.000Z,2026-03-16T11:57:02.000Z,30,False,11150,371.6666666666667,922900455.0634965,30763348.50211655,725773.855301999,24192.461843399968,1967169.0125632917
2026-03-16,2033512863537754504,WTI,post_event48h,2026-03-16T11:57:02.000Z,2026-03-18T11:57:02.000Z,2,False,613,306.5,280735097.94022983,140367548.97011492,209999.30170399975,104999.65085199988,348575.79026091367
2026-03-16,2033512863537754504,WTI,post_event72h,2026-03-16T11:57:02.000Z,2026-03-19T11:57:02.000Z,3,False,1066,355.3333333333333,333082949.94778717,111027649.98259573,270583.3160170001,90194.43867233337,432730.46776239685
2026-03-16,2033512863537754504,BRENT,post_baseline30,2026-02-14T11:57:02.000Z,2026-03-16T11:57:02.000Z,30,False,0,0.0,0,0.0,0,0.0,0
2026-03-16,2033512863537754504,BRENT,post_event48h,2026-03-16T11:57:02.000Z,2026-03-18T11:57:02.000Z,2,False,0,0.0,0,0.0,0,0.0,0
2026-03-16,2033512863537754504,BRENT,post_event72h,2026-03-16T11:57:02.000Z,2026-03-19T11:57:02.000Z,3,False,0,0.0,0,0.0,0,0.0,0
2026-03-12,2031917000885199003,WTI,post_baseline30,2026-02-10T02:15:38.000Z,2026-03-12T02:15:38.000Z,30,False,10184,339.46666666666664,942508129.2169956,31416937.64056652,693535.1550559996,23117.838501866656,1976692.6552098065
2026-03-12,2031917000885199003,WTI,post_event48h,2026-03-12T02:15:38.000Z,2026-03-14T02:15:38.000Z,2,False,1096,548.0,22165026.700032767,11082513.350016383,23119.594721000012,11559.797360500006,32780.83145154149
2026-03-12,2031917000885199003,WTI,post_event72h,2026-03-12T02:15:38.000Z,2026-03-15T02:15:38.000Z,3,False,1096,365.3333333333333,22165026.700032767,7388342.233344256,23119.594721000012,7706.531573666671,32780.83145154149
2026-03-12,2031917000885199003,BRENT,post_baseline30,2026-02-10T02:15:38.000Z,2026-03-12T02:15:38.000Z,30,False,0,0.0,0,0.0,0,0.0,0
2026-03-12,2031917000885199003,BRENT,post_event48h,2026-03-12T02:15:38.000Z,2026-03-14T02:15:38.000Z,2,False,0,0.0,0,0.0,0,0.0,0
2026-03-12,2031917000885199003,BRENT,post_event72h,2026-03-12T02:15:38.000Z,2026-03-15T02:15:38.000Z,3,False,0,0.0,0,0.0,0,0.0,0
2026-03-11,2031705125971280134,WTI,post_baseline30,2026-02-09T12:13:43.000Z,2026-03-11T12:13:43.000Z,30,False,9873,329.1,922969728.1678733,30765657.605595775,670983.2040100003,22366.106800333346,1945709.9423042308
2026-03-11,2031705125971280134,WTI,post_event48h,2026-03-11T12:13:43.000Z,2026-03-13T12:13:43.000Z,2,False,1254,627.0,31747821.523117807,15873910.761558903,31697.02036299999,15848.510181499994,45126.13473789893
2026-03-11,2031705125971280134,WTI,post_event72h,2026-03-11T12:13:43.000Z,2026-03-14T12:13:43.000Z,3,False,1473,491.0,42167456.73353372,14055818.911177905,45901.93483600002,15300.64494533334,64077.31221971947
2026-03-11,2031705125971280134,BRENT,post_baseline30,2026-02-09T12:13:43.000Z,2026-03-11T12:13:43.000Z,30,False,0,0.0,0,0.0,0,0.0,0
2026-03-11,2031705125971280134,BRENT,post_event48h,2026-03-11T12:13:43.000Z,2026-03-13T12:13:43.000Z,2,False,0,0.0,0,0.0,0,0.0,0
2026-03-11,2031705125971280134,BRENT,post_event72h,2026-03-11T12:13:43.000Z,2026-03-14T12:13:43.000Z,3,False,0,0.0,0,0.0,0,0.0,0
2026-03-10,2031471566928978305,WTI,post_baseline30,2026-02-08T20:45:39.000Z,2026-03-10T20:45:39.000Z,30,False,9595,319.8333333333333,870357222.6467139,29011907.42155713,628759.6073030008,20958.65357676669,1756011.5984311502
2026-03-10,2031471566928978305,WTI,post_event48h,2026-03-10T20:45:39.000Z,2026-03-12T20:45:39.000Z,2,False,1299,649.5,81826632.76048782,40913316.38024391,73106.21709899996,36553.10854949998,232821.59722947926
2026-03-10,2031471566928978305,WTI,post_event72h,2026-03-10T20:45:39.000Z,2026-03-13T20:45:39.000Z,3,False,1774,591.3333333333334,93337809.26673576,31112603.08891192,85772.427464,28590.809154666666,250734.39128966493
2026-03-10,2031471566928978305,BRENT,post_baseline30,2026-02-08T20:45:39.000Z,2026-03-10T20:45:39.000Z,30,False,0,0.0,0,0.0,0,0.0,0
2026-03-10,2031471566928978305,BRENT,post_event48h,2026-03-10T20:45:39.000Z,2026-03-12T20:45:39.000Z,2,False,0,0.0,0,0.0,0,0.0,0
2026-03-10,2031471566928978305,BRENT,post_event72h,2026-03-10T20:45:39.000Z,2026-03-13T20:45:39.000Z,3,False,0,0.0,0,0.0,0,0.0,0
2026-03-10,2031413050570617147,WTI,post_baseline30,2026-02-08T16:53:07.000Z,2026-03-10T16:53:07.000Z,30,False,9267,308.9,749872528.9960958,24995750.966536526,511405.9994470005,17046.86664823335,1313375.111626833
2026-03-10,2031413050570617147,WTI,post_event48h,2026-03-10T16:53:07.000Z,2026-03-12T16:53:07.000Z,2,False,1523,761.5,200722560.37986076,100361280.18993038,189995.60551899986,94997.80275949993,674260.9650294103
2026-03-10,2031413050570617147,WTI,post_event72h,2026-03-10T16:53:07.000Z,2026-03-13T16:53:07.000Z,3,False,2002,667.3333333333334,206374493.76108733,68791497.92036244,193077.74087899987,64359.24695966663,679956.0398927788
2026-03-10,2031413050570617147,BRENT,post_baseline30,2026-02-08T16:53:07.000Z,2026-03-10T16:53:07.000Z,30,False,0,0.0,0,0.0,0,0.0,0
2026-03-10,2031413050570617147,BRENT,post_event48h,2026-03-10T16:53:07.000Z,2026-03-12T16:53:07.000Z,2,False,0,0.0,0,0.0,0,0.0,0
2026-03-10,2031413050570617147,BRENT,post_event72h,2026-03-10T16:53:07.000Z,2026-03-13T16:53:07.000Z,3,False,0,0.0,0,0.0,0,0.0,0
2026-03-10,2031411333053428214,WTI,post_baseline30,2026-02-08T16:46:18.000Z,2026-03-10T16:46:18.000Z,30,False,9260,308.6666666666667,749836359.0668898,24994545.302229658,511400.44944700046,17046.68164823335,1313289.9191495853
2026-03-10,2031411333053428214,WTI,post_event48h,2026-03-10T16:46:18.000Z,2026-03-12T16:46:18.000Z,2,False,1528,764.0,200738974.90906665,100369487.45453332,189971.15551899985,94985.57775949992,674306.264351179
2026-03-10,2031411333053428214,WTI,post_event72h,2026-03-10T16:46:18.000Z,2026-03-13T16:46:18.000Z,3,False,2009,669.6666666666666,206410663.69029322,68803554.56343107,193083.29087899986,64361.09695966662,680041.232370027
2026-03-10,2031411333053428214,BRENT,post_baseline30,2026-02-08T16:46:18.000Z,2026-03-10T16:46:18.000Z,30,False,0,0.0,0,0.0,0,0.0,0
2026-03-10,2031411333053428214,BRENT,post_event48h,2026-03-10T16:46:18.000Z,2026-03-12T16:46:18.000Z,2,False,0,0.0,0,0.0,0,0.0,0
2026-03-10,2031411333053428214,BRENT,post_event72h,2026-03-10T16:46:18.000Z,2026-03-13T16:46:18.000Z,3,False,0,0.0,0,0.0,0,0.0,0
2026-03-09,2031011633909432824,WTI,post_baseline30,2026-02-07T14:18:02.000Z,2026-03-09T14:18:02.000Z,30,False,7603,253.43333333333334,557666207.4452074,18588873.58150691,382882.5299349993,12762.75099783331,743979.3063508942
2026-03-09,2031011633909432824,WTI,post_event48h,2026-03-09T14:18:02.000Z,2026-03-11T14:18:02.000Z,2,False,2367,1183.5,370558591.19698423,185279295.59849212,295677.6422080001,147838.82110400006,1213914.4630947083
2026-03-09,2031011633909432824,WTI,post_event72h,2026-03-09T14:18:02.000Z,2026-03-12T14:18:02.000Z,3,False,3054,1018.0,388679947.8493369,129559982.61644565,313035.70007900003,104345.23335966667,1236259.1044753636
2026-03-09,2031011633909432824,BRENT,post_baseline30,2026-02-07T14:18:02.000Z,2026-03-09T14:18:02.000Z,30,False,0,0.0,0,0.0,0,0.0,0
2026-03-09,2031011633909432824,BRENT,post_event48h,2026-03-09T14:18:02.000Z,2026-03-11T14:18:02.000Z,2,False,0,0.0,0,0.0,0,0.0,0
2026-03-09,2031011633909432824,BRENT,post_event72h,2026-03-09T14:18:02.000Z,2026-03-12T14:18:02.000Z,3,False,0,0.0,0,0.0,0,0.0,0
2026-03-09,2030992222892839275,WTI,post_baseline30,2026-02-07T13:00:54.000Z,2026-03-09T13:00:54.000Z,30,False,7474,249.13333333333333,557094751.2023287,18569825.040077623,382514.2683979993,12750.475613266643,742546.6624790296
2026-03-09,2030992222892839275,WTI,post_event48h,2026-03-09T13:00:54.000Z,2026-03-11T13:00:54.000Z,2,False,2459,1229.5,370988802.7621393,185494401.38106966,296004.1239019999,148002.06195099995,1215162.927935673
2026-03-09,2030992222892839275,WTI,post_event72h,2026-03-09T13:00:54.000Z,2026-03-12T13:00:54.000Z,3,False,3114,1038.0,388348490.258657,129449496.75288565,312495.4448289998,104165.14827633328,1236355.1437718256
2026-03-09,2030992222892839275,BRENT,post_baseline30,2026-02-07T13:00:54.000Z,2026-03-09T13:00:54.000Z,30,False,0,0.0,0,0.0,0,0.0,0
2026-03-09,2030992222892839275,BRENT,post_event48h,2026-03-09T13:00:54.000Z,2026-03-11T13:00:54.000Z,2,False,0,0.0,0,0.0,0,0.0,0
2026-03-09,2030992222892839275,BRENT,post_event72h,2026-03-09T13:00:54.000Z,2026-03-12T13:00:54.000Z,3,False,0,0.0,0,0.0,0,0.0,0
2026-03-05,2029628328076800335,WTI,post_baseline30,2026-02-03T18:41:16.000Z,2026-03-05T18:41:16.000Z,30,False,4844,161.46666666666667,411543528.68939847,13718117.622979948,285569.78818200045,9518.992939400016,479741.8389826346
2026-03-05,2029628328076800335,WTI,post_event48h,2026-03-05T18:41:16.000Z,2026-03-07T18:41:16.000Z,2,False,1111,555.5,41683142.621571414,20841571.310785707,24551.675137000013,12275.837568500006,45891.12158838901
2026-03-05,2029628328076800335,WTI,post_event72h,2026-03-05T18:41:16.000Z,2026-03-08T18:41:16.000Z,3,False,1111,370.3333333333333,41683142.621571414,13894380.873857139,24551.675137000013,8183.891712333338,45891.12158838901
2026-03-05,2029628328076800335,BRENT,post_baseline30,2026-02-03T18:41:16.000Z,2026-03-05T18:41:16.000Z,30,False,0,0.0,0,0.0,0,0.0,0
2026-03-05,2029628328076800335,BRENT,post_event48h,2026-03-05T18:41:16.000Z,2026-03-07T18:41:16.000Z,2,False,0,0.0,0,0.0,0,0.0,0
2026-03-05,2029628328076800335,BRENT,post_event72h,2026-03-05T18:41:16.000Z,2026-03-08T18:41:16.000Z,3,False,0,0.0,0,0.0,0,0.0,0
2026-03-03,2028934137235558417,WTI,post_baseline30,2026-02-01T20:42:48.000Z,2026-03-03T20:42:48.000Z,30,False,4618,153.93333333333334,266987545.1715393,8899584.83905131,160649.56477400032,5354.985492466677,301743.31980723736
2026-03-03,2028934137235558417,WTI,post_event48h,2026-03-03T20:42:48.000Z,2026-03-05T20:42:48.000Z,2,False,1217,608.5,158319626.01121688,79159813.00560844,129885.83364500008,64942.91682250004,186921.56909993023
2026-03-03,2028934137235558417,WTI,post_event72h,2026-03-03T20:42:48.000Z,2026-03-06T20:42:48.000Z,3,False,2195,731.6666666666666,194358636.47775298,64786212.159251,147553.15116600005,49184.38372200002,222547.61266700772
2026-03-03,2028934137235558417,BRENT,post_baseline30,2026-02-01T20:42:48.000Z,2026-03-03T20:42:48.000Z,30,False,0,0.0,0,0.0,0,0.0,0
2026-03-03,2028934137235558417,BRENT,post_event48h,2026-03-03T20:42:48.000Z,2026-03-05T20:42:48.000Z,2,False,0,0.0,0,0.0,0,0.0,0
2026-03-03,2028934137235558417,BRENT,post_event72h,2026-03-03T20:42:48.000Z,2026-03-06T20:42:48.000Z,3,False,0,0.0,0,0.0,0,0.0,0
2026-03-02,2028297343775445238,WTI,post_baseline30,2026-01-31T02:32:25.000Z,2026-03-02T02:32:25.000Z,30,False,3186,106.2,143620778.11109436,4787359.270369812,49488.88400999994,1649.6294669999982,139716.34466672607
2026-03-02,2028297343775445238,WTI,post_event48h,2026-03-02T02:32:25.000Z,2026-03-04T02:32:25.000Z,2,False,1532,766.0,136963661.93289262,68481830.96644631,129410.66737200013,64705.33368600006,187389.34325473217
2026-03-02,2028297343775445238,WTI,post_event72h,2026-03-02T02:32:25.000Z,2026-03-05T02:32:25.000Z,3,False,2003,667.6666666666666,229390210.93241662,76463403.64413887,165658.96692299974,55219.65564099991,258029.06873176375
2026-03-02,2028297343775445238,BRENT,post_baseline30,2026-01-31T02:32:25.000Z,2026-03-02T02:32:25.000Z,30,False,0,0.0,0,0.0,0,0.0,0
2026-03-02,2028297343775445238,BRENT,post_event48h,2026-03-02T02:32:25.000Z,2026-03-04T02:32:25.000Z,2,False,0,0.0,0,0.0,0,0.0,0
2026-03-02,2028297343775445238,BRENT,post_event72h,2026-03-02T02:32:25.000Z,2026-03-05T02:32:25.000Z,3,False,0,0.0,0,0.0,0,0.0,0
2026-02-25,2026672509136101852,WTI,post_baseline30,2026-01-26T14:55:54.000Z,2026-02-25T14:55:54.000Z,30,False,7171,239.03333333333333,219162338.11912712,7305411.270637571,67192.59836499994,2239.7532788333315,176627.22784011625
2026-02-25,2026672509136101852,WTI,post_event48h,2026-02-25T14:55:54.000Z,2026-02-27T14:55:54.000Z,2,False,180,90.0,14331487.516348979,7165743.758174489,13997.588815999992,6998.794407999996,16469.16271098251
2026-02-25,2026672509136101852,WTI,post_event72h,2026-02-25T14:55:54.000Z,2026-02-28T14:55:54.000Z,3,False,228,76.0,19721335.251325607,6573778.417108536,19380.246195000003,6460.082065000001,25239.10541641077
2026-02-25,2026672509136101852,BRENT,post_baseline30,2026-01-26T14:55:54.000Z,2026-02-25T14:55:54.000Z,30,False,0,0.0,0,0.0,0,0.0,0
2026-02-25,2026672509136101852,BRENT,post_event48h,2026-02-25T14:55:54.000Z,2026-02-27T14:55:54.000Z,2,False,0,0.0,0,0.0,0,0.0,0
2026-02-25,2026672509136101852,BRENT,post_event72h,2026-02-25T14:55:54.000Z,2026-02-28T14:55:54.000Z,3,False,0,0.0,0,0.0,0,0.0,0
