date_utc,market,range_pct,range_baseline30_avg_pct,range_lift_pct,range_percentile_vs_baseline,range_baseline_obs,has_oil_post,oil_post_count,oil_original_count,top_oil_post_impressions,activity_baseline30_notional_per_day,activity_event0_2_notional_per_day,activity_event0_2_lift_pct,activity_baseline30_fills_per_day,activity_event0_2_fills_per_day,activity_event0_2_fills_lift_pct,activity_event0_2_partial
2026-02-12,WTI,4.10755855253142,2.8298931559992666,45.1488917107542,90.0,10,False,0,0,0,4579440.969473738,19356013.623898655,322.67197574823234,251.36666666666667,54.666666666666664,-78.2522211908235,False
2026-02-13,WTI,1.7401964298516086,2.946044555684008,-40.93108922965448,27.27272727272727,11,False,0,0,0,6470182.975340161,94786.84073990867,-98.53502070805153,251.4,11.666666666666666,-95.35932113497746,False
2026-02-15,WTI,0.264606284427135,2.8455572118646413,-90.70107312115003,0.0,12,False,0,0,0,6375437.408218718,829818.9021878643,-86.98412596572392,243.36666666666667,25.333333333333332,-89.59046705930695,False
2026-02-16,WTI,2.132371284557046,2.6470225251386794,-19.44264681142713,38.46153846153847,13,False,0,0,0,6313208.847904573,3961414.298228728,-37.251968156517314,238.1,48.333333333333336,-79.70040599188016,False
2026-02-17,WTI,3.4246802360970947,2.6102617222399913,31.20064577885361,57.14285714285714,14,False,0,0,0,6333980.1514696805,6088722.3512190655,-3.8720961289041544,238.9,75.66666666666667,-68.32705455560207,False
2026-02-18,WTI,5.313107707675827,2.6645562898304647,99.39934194499149,100.0,15,False,0,0,0,6395992.027763662,5690360.584523022,-11.032400293459427,240.33333333333334,79.33333333333333,-66.99029126213591,False
2026-02-19,WTI,2.9016621456510006,2.8300907534457997,2.528943360493245,43.75,16,False,0,0,0,6653877.459555731,2558715.4384821584,-61.545498034269485,240.3,56.0,-76.69579692051602,False
2026-02-20,WTI,1.771935478970919,2.8343008353402235,-37.48244869150527,29.411764705882355,17,False,0,0,0,6859100.564300148,1527128.4630343446,-77.73573300583088,241.23333333333332,24.333333333333332,-89.91294735387592,False
2026-02-22,WTI,0.49205558831737095,2.775280537764151,-82.270059490498,5.555555555555555,18,False,0,0,0,6854453.027201731,5020159.923431593,-26.76060506200553,239.53333333333333,51.333333333333336,-78.56944057890341,False
2026-02-23,WTI,2.6332091829857003,2.6551108035827413,-0.8248853707908359,47.368421052631575,19,False,0,0,0,6948098.156438717,4796202.022599666,-30.971009409890314,236.43333333333334,70.0,-70.39334555195263,False
2026-02-24,WTI,2.3478099634333764,2.6540157225528893,-11.537450834125975,40.0,20,False,0,0,0,7203066.531071639,3084003.872319317,-57.18484816132202,239.2,77.0,-67.80936454849498,False
2026-02-25,WTI,2.1702815824055803,2.6394344959281506,-17.774751153943445,38.095238095238095,21,True,1,0,0,7319325.446867302,7597138.294884232,3.795607259625745,240.96666666666667,89.33333333333333,-62.92709918384285,False
2026-02-26,WTI,4.640364974066437,2.6181093634953068,77.24106711383966,90.9090909090909,22,False,0,0,0,7183574.64159972,6517662.082522534,-9.269933038920767,235.9,67.0,-71.59813480288257,False
2026-02-27,WTI,4.4693527882695285,2.70603352047666,65.16250646748325,86.95652173913044,23,False,0,0,0,7126103.185584548,6849520.736100604,-3.881257993056359,207.76666666666668,90.0,-56.68217551740735,False
2026-03-01,WTI,2.5440660602168257,2.779505156634696,-8.470540011623145,45.83333333333333,24,False,0,0,0,6005192.848498745,47518719.21442068,691.2938087625282,122.06666666666666,589.0,382.52321135991264,False
2026-03-02,WTI,5.453078980521715,2.7700875927779816,96.85583209493734,100.0,25,True,1,1,3382,4688638.411556629,77161660.61646608,1545.7157460954295,101.9,696.6666666666666,583.6768073274452,False
2026-03-03,WTI,9.52271305982047,2.8732795692296635,231.42312922837309,100.0,26,True,1,1,11345,5576837.715540465,86143364.75954774,1444.663286856992,129.73333333333332,666.3333333333334,413.61767728674204,False
2026-03-04,WTI,5.1123296493978945,3.2113631547768295,59.195002340156414,88.46153846153845,26,False,0,0,0,9318467.941370102,61631044.00913247,561.3860174966788,154.0,732.3333333333334,375.54112554112555,False
2026-03-05,WTI,8.599805957528032,3.26504101021866,163.390442282748,96.15384615384616,26,True,1,1,5795,12323475.838265585,30818758.357459832,150.08170391152635,162.3,567.0,249.35304990757854,False
2026-03-06,WTI,16.79172226941315,3.4056625363968926,393.0530283008715,100.0,26,False,0,0,0,13793803.182300799,28018502.514801804,103.1238386143794,164.6,555.3333333333334,237.38355609558525,False
2026-03-08,WTI,4.709999412835412,3.9290666815702724,19.87578207639468,76.0,25,False,0,0,0,14872571.539900463,144641220.353353,872.5367261828685,178.56666666666666,1502.3333333333333,741.3291021093895,False
2026-03-09,WTI,33.9854584687949,3.971054390804933,755.8295889245185,100.0,25,True,2,1,3477,16348085.90762158,150586881.87522367,821.128520648519,195.8,1451.6666666666667,641.4027919645897,False
2026-03-10,WTI,15.22957783107465,5.125454547650701,197.13614059957405,92.3076923076923,26,True,3,1,3396,22884588.954942815,88997120.53807993,288.89542964177883,284.73333333333335,800.3333333333334,181.08171388433624,False
2026-03-11,WTI,15.039948015890605,5.687181972801079,164.45343384155962,88.46153846153845,26,True,1,1,2295,29304630.770295784,28707716.505360767,-2.03692812106703,322.2,572.3333333333334,77.63294020277263,False
2026-03-12,WTI,8.480363483016136,6.133774194486413,38.2568580799575,76.92307692307693,26,True,1,0,1,31390401.21404194,7698613.643228002,-75.47462489971564,338.26666666666665,386.6666666666667,14.30823807646828,False
2026-03-13,WTI,6.5034379983790425,6.399590590646904,1.6227195515274566,73.07692307692307,26,False,0,0,0,31735272.57227392,9000563.595019015,-71.63861260519779,356.6,179.66666666666666,-49.61675079454104,False
2026-03-15,WTI,3.0504908835904505,6.650965393343898,-54.13461500426243,40.0,25,False,0,0,0,30173091.487803485,55893783.87883333,85.24380871422015,365.26666666666665,231.66666666666666,-36.57601752144552,False
2026-03-16,WTI,7.586943101142094,6.703377171493452,13.180907280677316,72.0,25,True,1,1,2586,30671339.68751556,105935194.16366601,245.38821989176364,367.23333333333335,332.3333333333333,-9.503494599255705,False
2026-03-17,WTI,4.709498842253744,6.737360476479938,-30.09875516243253,50.0,26,True,2,1,4416,30864672.26625614,152672222.64311257,394.65039293492424,378.8333333333333,358.0,-5.4993400791904925,False
2026-03-18,WTI,8.699761110965266,6.908317882550192,25.93168494663662,80.76923076923077,26,False,0,0,0,35752991.19161277,108452293.90185386,203.33767969404323,387.26666666666665,337.0,-12.979858839731447,False
2026-03-19,WTI,8.353917848684715,7.160909798950509,16.66000666436339,69.23076923076923,26,False,0,0,0,41244082.825316615,53333664.52916085,29.31228160666809,399.6333333333333,205.33333333333334,-48.61956793727583,False
2026-03-20,WTI,6.57459741921724,7.350495860973109,-10.55572925189227,61.53846153846154,26,False,0,0,0,46048912.64034818,5429093.30593306,-88.21015960065021,412.1,91.0,-77.91798107255521,False
2026-03-22,WTI,2.1026726512292164,7.57890879804765,-72.25626132655309,8.0,25,False,0,0,0,45968577.043110766,41528455.328510664,-9.659036672890736,412.6,371.0,-10.08240426563258,False
2026-03-23,WTI,17.30102483046959,7.592138284937982,127.88079169728819,96.0,25,True,1,1,30682,46022785.912489176,41059747.69596405,-10.78387176726367,413.26666666666665,426.3333333333333,3.161800290369414,False
2026-03-24,WTI,7.599527409166079,7.965556998227659,-4.595153724253331,61.53846153846154,26,True,1,1,11512,49230092.73005388,17622858.48907001,-64.2030767934921,438.1,252.66666666666666,-42.32671384006696,False
2026-03-25,WTI,5.453545508189054,8.238921299029533,-33.807530012072945,46.15384615384615,26,False,0,0,0,49968709.72965814,15594990.065198638,-68.79048878874198,447.26666666666665,233.66666666666666,-47.75674467133701,False
2026-03-26,WTI,6.105794415386539,8.347395773075815,-26.853900529306042,46.15384615384615,26,False,0,0,0,49743448.89613304,15297914.654120227,-69.24637315345166,452.76666666666665,151.0,-66.64948833100198,False
2026-03-27,WTI,9.110008668588316,8.491933636612476,7.2783780281919,76.92307692307693,26,True,2,2,6838,50490362.58661786,6979551.295496121,-86.17646826456738,458.23333333333335,124.0,-72.93955044737034,False
2026-03-29,WTI,1.1011310442958626,8.923585466561626,-87.66044155208677,0.0,25,False,0,0,0,50964839.974313214,47541151.044031076,-6.717746846664703,460.1666666666667,416.0,-9.597971749366176,False
2026-03-30,WTI,6.188533078861729,8.78885659680268,-29.586596268813036,40.0,25,True,1,1,3677,50428603.886679,70324213.05163464,39.453023941856884,461.7,1555.0,236.79878709118475,False
2026-03-31,WTI,7.5803938943106415,8.68884415380495,-12.75716585397501,50.0,26,True,1,0,72,52062388.987021156,57258243.91917532,9.980054763621123,470.9,1671.3333333333333,254.9231967155093,False
2026-04-01,WTI,7.163089667868373,8.882549070500867,-19.35772478131142,46.15384615384615,26,False,0,0,0,55034003.005106226,26372759.488697752,-52.07915461600929,492.76666666666665,1395.0,183.09544747344924,False
2026-04-02,WTI,13.646458504084801,8.948318712321893,52.50304490488856,80.76923076923077,26,False,0,0,0,56455891.46289623,3271881.8709624577,-94.20453421922707,583.6,208.33333333333334,-64.30203335618002,False
2026-04-05,WTI,1.8304702900591274,9.294495681571151,-80.3058675503123,4.166666666666666,24,False,0,0,0,48168743.17403785,49558433.38306055,2.8850456072761324,537.8,261.3333333333333,-51.406966654270484,False
2026-04-06,WTI,4.62248164187535,8.6711101824314,-46.69100559648067,16.666666666666664,24,False,0,0,0,46877026.279192194,62295751.966145314,32.89185963956334,507.6,375.0,-26.122931442080382,False
2026-04-07,WTI,19.877690451733123,8.509165040809158,133.6033013392217,96.0,25,False,0,0,0,47235205.059369475,62031356.08695402,31.324413663468604,513.8,405.3333333333333,-21.11067860386661,False
2026-04-08,WTI,6.759951616450401,9.115872682365065,-25.84416377899031,44.0,25,False,0,0,0,50322736.26086378,17973755.42136349,-64.28303236892593,508.4,259.0,-49.0558615263572,False
2026-04-09,WTI,5.92786298845591,8.026852408271285,-26.14959529656316,28.000000000000004,25,True,2,2,5686,45063754.29445913,5198544.612196739,-88.46402237543725,432.53333333333336,128.33333333333334,-70.32983970406906,False
2026-04-10,WTI,3.8178633975481504,7.654783814566536,-50.124477842430835,16.0,25,False,0,0,0,38974218.63272939,2140291.668796321,-94.50844239119917,404.1,51.333333333333336,-87.2968737111276,False
2026-04-12,WTI,1.6968287236031936,7.152797802616868,-76.27741241360961,4.166666666666666,24,False,0,0,0,36683896.70187069,4149542.888920791,-88.68838029219184,365.3333333333333,220.0,-39.78102189781021,False
2026-04-13,WTI,6.908888616691167,6.952522416167874,-0.6275966744851887,58.333333333333336,24,True,1,1,3017,36317476.14907292,5569567.036961374,-84.66422332295372,352.0,251.66666666666666,-28.503787878787882,False
2026-04-14,WTI,9.241082116351453,6.950777064188805,32.95034542198974,88.0,25,False,0,0,0,36535991.95347681,4174144.7154224426,-88.5752528062257,364.1666666666667,169.66666666666666,-53.4096109839817,False
2026-04-15,WTI,3.5690576811390775,7.198400713499246,-50.41874128449141,16.0,25,False,0,0,0,36198794.63126086,3340912.6684347657,-90.77065216544644,369.3666666666667,187.66666666666666,-49.19231116325242,False
2026-04-16,WTI,5.0475979582193435,7.037685296699125,-28.277583531806812,32.0,25,False,0,0,0,36173378.36524238,1661749.5412131778,-95.40615331961946,362.46666666666664,140.66666666666666,-61.191833731837406,False
2026-04-17,WTI,12.727977839335175,7.051209261337749,80.50773090969696,88.0,25,False,0,0,0,31364028.037135676,918606.3906301373,-97.07114663479292,357.96666666666664,108.66666666666667,-69.64335599217803,False
2026-04-19,WTI,1.4640522190366083,7.164772100547038,-79.56596248295426,4.166666666666666,24,False,0,0,0,21072331.0550525,1669928.5566873814,-92.07525473890567,340.73333333333335,59.0,-82.6844061827431,False
2026-04-20,WTI,3.7636166850969404,6.9518327172061785,-45.86151827586736,25.0,24,True,1,0,658,20610659.286013346,1674339.0540055993,-91.8763440277632,335.1333333333333,76.66666666666667,-77.12353292222001,False
2026-04-21,WTI,7.486937104828459,6.824304075921809,9.709898936722619,68.0,25,False,0,0,0,20640610.65628521,2959207.035472114,-85.66318078108307,337.53333333333336,99.33333333333333,-70.57080782144975,False
2026-04-22,WTI,6.517069876505143,7.039674654065778,-7.423706396130159,52.0,25,False,0,0,0,20696414.58012793,4425051.705002646,-78.6192352889401,337.53333333333336,109.33333333333333,-67.60813746790441,False
2026-04-23,WTI,6.329847903587255,6.6083164559072,-4.213910671166805,52.0,25,False,0,0,0,17494208.06948644,4374048.635768037,-74.99716124105501,315.23333333333335,84.0,-73.35307179866766,False
2026-04-24,WTI,5.176813426323656,6.557529275684048,-21.05542791063427,36.0,25,False,0,0,0,16783685.82698139,2807053.8425258514,-83.2751049354532,310.3666666666667,41.333333333333336,-86.6824186446139,False
2026-04-26,WTI,0.7006912224221307,6.564821058118719,-89.3265754508939,0.0,24,False,0,0,0,16169327.084156232,3300539.109886853,-79.5876532603454,298.3666666666667,81.33333333333333,-72.74047592447772,False
2026-04-27,WTI,3.1437883678248277,6.214432831195128,-49.411499758374084,20.833333333333336,24,False,0,0,0,15504892.204714108,4091352.2573907957,-73.61250756618057,291.1333333333333,138.66666666666666,-52.37004808793222,False
2026-04-28,WTI,5.477718733018971,6.091607052660316,-10.07760865621246,48.0,25,False,0,0,0,15571131.099797636,6531692.345081389,-58.05255056155635,294.1,164.0,-44.23665419925196,False
2026-04-29,WTI,9.711934949303938,6.26667056020924,54.97758907210949,88.0,25,False,0,0,0,15801425.865595395,4659316.530171452,-70.51331588805394,294.1,168.33333333333334,-42.763232460614304,False
2026-04-30,WTI,6.717056798154167,6.407606635026928,4.82941885720078,60.0,25,False,0,0,0,14248460.769097932,3851116.4917243454,-72.97170161652373,291.03333333333336,107.0,-63.234451952811824,False
2026-05-01,WTI,6.730380809132062,6.3730731511806695,5.606520582384937,64.0,25,False,0,0,0,11470185.22990277,760688.6685604379,-93.36812219407476,268.9,56.666666666666664,-78.9264906408826,False
2026-05-03,WTI,1.6386591077483932,6.0519858923623175,-72.9236132255959,8.333333333333332,24,False,0,0,0,8907748.026352786,853962.7306864978,-90.41325901720475,134.6,83.66666666666667,-37.840515106488354,False
2026-05-04,WTI,6.8660632002942545,5.875452820977761,16.860153753249644,76.0,25,False,0,0,0,8908978.14788897,3479879.704137169,-60.939631387896654,135.06666666666666,328.3333333333333,143.08983218163868,False
2026-05-05,WTI,5.789666365655441,5.913553220182242,-2.094964734636871,50.0,26,False,0,0,0,8936427.306904783,4187478.734109931,-53.14146705054659,139.2,375.6666666666667,169.8754789272031,False
2026-05-06,WTI,11.970498631896964,6.065829992320561,97.34312776737578,92.3076923076923,26,True,2,2,3615280,8989355.076813238,4091975.18594009,-54.47976911608756,141.26666666666668,396.3333333333333,180.55686644643697,False
2026-05-07,WTI,7.938167750784937,6.348446030398316,25.041115775018703,80.76923076923077,26,False,0,0,0,8894998.115517216,1453756.9971275658,-83.65646649669881,160.0,147.0,-8.125,False
2026-05-08,WTI,3.2766526557126516,5.889233618823385,-44.36198548416056,19.230769230769234,26,False,0,0,0,4399331.842009731,533840.7704504995,-87.86541253031217,150.63333333333333,64.0,-57.51272405399425,False
2026-05-10,WTI,1.301238097030908,5.748356485608574,-77.36330201008494,4.0,25,False,0,0,0,2837238.2065345845,484071.76771577937,-82.93862790227166,134.16666666666666,39.333333333333336,-70.68322981366458,True
2026-05-11,WTI,3.7583093839810067,5.6476914735878845,-33.454059918867785,32.0,25,False,0,0,0,2655340.3769184365,421897.3742619465,-84.1113637283833,131.13333333333333,33.666666666666664,-74.32638535841384,True
2026-04-06,BRENT,3.8860087652007955,6.350234391080819,-38.80527039035182,20.0,10,False,0,0,0,12295386.203841748,54450421.783466585,342.85247230748485,32.86666666666667,200.33333333333334,509.53346855983773,False
2026-04-07,BRENT,5.940955862033752,6.12621387963718,-3.024021381610659,45.45454545454545,11,False,0,0,0,15865133.319649952,19059280.588582695,20.13312592196495,37.93333333333333,175.66666666666666,363.09314586994725,False
2026-04-08,BRENT,7.1255445254401835,6.110775711503561,16.606219273050975,66.66666666666666,12,False,0,0,0,17364598.01863241,4257592.851501433,-75.48118967722151,44.53333333333333,125.66666666666667,182.18562874251498,False
2026-04-09,BRENT,4.875400982046473,6.188834851037147,-21.22263561081395,23.076923076923077,13,True,2,2,5686,17740428.382188413,499289.2159414393,-97.18558534672853,52.9,42.0,-20.604914933837428,False
2026-04-10,BRENT,3.8085994165774446,6.0950181461092425,-37.51291094992612,14.285714285714285,14,False,0,0,0,17771061.378508233,192959.25274323602,-98.9141939885673,55.5,16.0,-71.17117117117117,False
2026-04-13,BRENT,5.212205157648454,5.942590230807122,-12.29068545517847,33.33333333333333,15,True,1,1,3017,17790357.303782556,99782.55682659485,-99.43911999560919,57.1,30.666666666666668,-46.29305312317572,False
2026-04-14,BRENT,4.450720158783233,5.896941163734706,-24.52493529773559,25.0,16,False,0,0,0,17794742.887269862,107947.15361810045,-99.393376154396,58.8,27.333333333333332,-53.51473922902494,False
2026-04-15,BRENT,3.0942218243742823,5.811869339914031,-46.76029959716796,5.88235294117647,17,False,0,0,0,17796971.184332624,210056.17437264367,-98.81970829644561,59.36666666666667,40.0,-32.622122403144296,False
2026-04-16,BRENT,4.643047925126495,5.660888922384045,-17.980232631536836,33.33333333333333,18,False,0,0,0,17800335.559465215,176412.42304674236,-99.00893765481328,60.166666666666664,32.0,-46.81440443213296,False
2026-04-17,BRENT,11.36774455879824,5.607318343581015,102.73050078940994,100.0,19,False,0,0,0,17805537.60263167,124391.99138219534,-99.30138592746668,61.53333333333333,18.333333333333332,-70.20585048754063,False
2026-04-20,BRENT,3.5965353721087707,6.014690100457408,-40.20414498437318,10.526315789473683,19,True,1,0,658,17817976.801769886,152927.63730851028,-99.14172277240073,63.36666666666667,18.0,-71.59389794844819,False
2026-04-21,BRENT,7.2084763221531265,5.893782364039976,22.306455802212135,75.0,20,False,0,0,0,17823252.486333583,237253.9269640159,-98.66885167482235,64.23333333333333,13.666666666666666,-78.72340425531915,False
2026-04-22,BRENT,5.614712527245327,5.95638683823584,-5.736267980400508,52.38095238095239,21,False,0,0,0,17833234.53859717,306515.51059312973,-98.28121191402643,65.03333333333333,13.666666666666666,-78.98513582778062,False
2026-04-23,BRENT,5.686339662740965,5.890744815402987,-3.46993731807136,57.14285714285714,21,False,0,0,0,17829273.639900774,306165.24155745975,-98.28279464581057,64.13333333333334,12.333333333333334,-80.76923076923077,False
2026-04-24,BRENT,3.678738040642058,5.845143635874005,-37.06334232636889,14.285714285714285,21,False,0,0,0,15535639.869448,169082.10626499588,-98.91165019474025,61.766666666666666,8.0,-87.04803022126282,False
2026-04-27,BRENT,2.9772525508098218,5.704496174763361,-47.80866776664414,5.263157894736842,19,False,0,0,0,14172012.745739575,297035.76651104994,-97.90406788477985,56.333333333333336,20.0,-64.49704142011834,False
2026-04-28,BRENT,4.027528984559674,5.5681339935656835,-27.668245965098397,35.0,20,False,0,0,0,14181896.626737336,287079.4439429688,-97.97573306660736,57.13333333333333,22.0,-61.49358226371062,False
2026-04-29,BRENT,8.19706261813542,5.494771850279683,49.17930792191471,90.47619047619048,21,False,0,0,0,14197983.465759,206128.02508635863,-98.54818801850648,57.8,25.333333333333332,-56.170703575547876,False
2026-04-30,BRENT,6.671622375023227,5.749528513486455,16.037730039495425,66.66666666666666,21,False,0,0,0,11947822.339058796,168799.4587695535,-98.58719477090206,53.7,20.0,-62.75605214152701,False
2026-05-01,BRENT,5.4508865355505405,5.712414996117853,-4.578246866606274,52.38095238095239,21,False,0,0,0,8970138.35912626,79916.97136001363,-99.10907760660453,47.63333333333333,10.0,-79.00629811056683,False
2026-05-04,BRENT,7.763304735023153,5.375680208249914,44.41530065551546,90.0,20,False,0,0,0,5615083.408342794,1075029.1589430047,-80.85461816389503,37.53333333333333,61.666666666666664,64.29840142095915,False
2026-05-05,BRENT,3.9971456533902527,5.489376614286735,-27.183978541621272,28.57142857142857,21,False,0,0,0,5642582.110675713,1186452.089694604,-78.97324192323497,39.166666666666664,84.0,114.468085106383,False
2026-05-06,BRENT,11.208833970373936,5.421547934245986,106.7460088210551,95.45454545454545,22,True,2,2,3615280,5652141.381986337,1409730.9321102742,-75.05846303485687,40.56666666666667,83.33333333333333,105.42317173377154,False
2026-05-07,BRENT,7.057115890914513,5.7544036253902195,22.638527818527045,72.72727272727273,22,False,0,0,0,2152839.208428885,705281.5096027149,-67.23947116712814,38.63333333333333,52.0,34.59879206212252,False
2026-05-08,BRENT,3.1645189305777803,5.805138172157527,-45.48762085017417,9.090909090909092,22,False,0,0,0,692015.5048545138,318871.5555219241,-53.92132787704487,35.9,13.333333333333334,-62.8597957288765,False
2026-05-11,BRENT,2.8214903712027306,5.753400689698964,-50.959605920470665,0.0,20,False,0,0,0,298143.3752565628,352492.87205441674,18.229315593909917,24.666666666666668,7.0,-71.62162162162163,True
